-- phpMyAdmin SQL Dump
-- version 4.5.1
-- http://www.phpmyadmin.net
--
-- Host: 127.0.0.1
-- Generation Time: Jan 13, 2017 at 11:01 AM
-- Server version: 10.1.16-MariaDB
-- PHP Version: 5.6.24

SET SQL_MODE = "NO_AUTO_VALUE_ON_ZERO";
SET time_zone = "+00:00";


/*!40101 SET @OLD_CHARACTER_SET_CLIENT=@@CHARACTER_SET_CLIENT */;
/*!40101 SET @OLD_CHARACTER_SET_RESULTS=@@CHARACTER_SET_RESULTS */;
/*!40101 SET @OLD_COLLATION_CONNECTION=@@COLLATION_CONNECTION */;
/*!40101 SET NAMES utf8mb4 */;

--
-- Database: `ch`
--

-- --------------------------------------------------------

--
-- Table structure for table `addresses`
--

CREATE TABLE `addresses` (
  `id` int(11) NOT NULL,
  `model` varchar(255) NOT NULL,
  `model_id` int(11) NOT NULL,
  `address` varchar(255) DEFAULT NULL,
  `district_id` int(11) NOT NULL,
  `sub_district_id` int(11) NOT NULL,
  `description` text,
  `latitude` varchar(255) DEFAULT NULL,
  `longitude` varchar(255) DEFAULT NULL,
  `created_at` datetime NOT NULL DEFAULT CURRENT_TIMESTAMP,
  `updated_at` datetime NOT NULL DEFAULT CURRENT_TIMESTAMP ON UPDATE CURRENT_TIMESTAMP
) ENGINE=InnoDB DEFAULT CHARSET=utf8;

-- --------------------------------------------------------

--
-- Table structure for table `business_entities`
--

CREATE TABLE `business_entities` (
  `id` int(11) NOT NULL,
  `name` varchar(255) NOT NULL
) ENGINE=InnoDB DEFAULT CHARSET=utf8;

--
-- Dumping data for table `business_entities`
--

INSERT INTO `business_entities` (`id`, `name`) VALUES
(1, 'บุคคลธรรมดา'),
(2, 'ห้างหุ้นส่วน'),
(3, 'บริษัทเอกชนจำกัด'),
(4, 'บริษัทมหาชนจำกัด'),
(5, 'แฟรนไชส์'),
(6, 'หน่วยงานของรัฐ'),
(7, 'รัฐวิสาหกิจ'),
(8, 'วิสาหกิจชุมชน');

-- --------------------------------------------------------

--
-- Table structure for table `districts`
--

CREATE TABLE `districts` (
  `id` int(11) NOT NULL,
  `name` varchar(255) NOT NULL,
  `name_en` varchar(255) DEFAULT NULL,
  `description` text,
  `created_at` datetime NOT NULL DEFAULT CURRENT_TIMESTAMP,
  `updated_at` datetime NOT NULL DEFAULT CURRENT_TIMESTAMP ON UPDATE CURRENT_TIMESTAMP
) ENGINE=InnoDB DEFAULT CHARSET=utf8;

--
-- Dumping data for table `districts`
--

INSERT INTO `districts` (`id`, `name`, `name_en`, `description`, `created_at`, `updated_at`) VALUES
(1, 'เมืองชลบุรี', NULL, NULL, '2016-11-26 07:34:14', '2016-11-26 07:34:14'),
(2, 'เกาะสีชัง', NULL, NULL, '2016-11-26 07:34:14', '2016-11-26 07:34:14'),
(3, 'บ่อทอง', NULL, NULL, '2016-11-26 07:34:55', '2016-11-26 07:34:55'),
(4, 'บางละมุง', NULL, NULL, '2016-11-26 07:34:55', '2016-11-26 07:34:55'),
(5, 'บ้านบึง', NULL, NULL, '2016-11-26 07:35:19', '2016-11-26 07:35:19'),
(6, 'พานทอง', NULL, NULL, '2016-11-26 07:35:19', '2016-11-26 07:35:19'),
(7, 'พนัสนิคม', NULL, NULL, '2016-11-26 07:35:53', '2016-11-26 07:35:53'),
(8, 'ศรีราชา', NULL, NULL, '2016-11-26 07:35:53', '2016-11-26 07:35:53'),
(9, 'สัตหีบ', NULL, NULL, '2016-11-26 07:36:09', '2016-11-26 07:36:09'),
(10, 'หนองใหญ่', NULL, NULL, '2016-11-26 07:36:09', '2016-11-26 07:36:09'),
(11, 'เกาะจันทร์', NULL, NULL, '2016-11-26 07:36:26', '2016-11-26 07:36:26'),
(12, 'เมืองพัทยา', NULL, NULL, '2016-11-26 07:41:01', '2016-11-26 07:41:01');

-- --------------------------------------------------------

--
-- Table structure for table `entities`
--

CREATE TABLE `entities` (
  `id` int(11) NOT NULL,
  `name` varchar(255) NOT NULL,
  `entity_type_id` int(11) NOT NULL,
  `created_by` int(11) NOT NULL,
  `created_at` datetime NOT NULL DEFAULT CURRENT_TIMESTAMP
) ENGINE=InnoDB DEFAULT CHARSET=utf8;

-- --------------------------------------------------------

--
-- Table structure for table `entity_categories`
--

CREATE TABLE `entity_categories` (
  `id` int(11) NOT NULL,
  `entity_type_id` int(11) NOT NULL,
  `name` varchar(255) NOT NULL,
  `created_at` datetime NOT NULL DEFAULT CURRENT_TIMESTAMP
) ENGINE=InnoDB DEFAULT CHARSET=utf8;

-- --------------------------------------------------------

--
-- Table structure for table `entity_types`
--

CREATE TABLE `entity_types` (
  `id` int(11) NOT NULL,
  `name` varchar(255) NOT NULL,
  `alias` varchar(255) NOT NULL
) ENGINE=InnoDB DEFAULT CHARSET=utf8;

--
-- Dumping data for table `entity_types`
--

INSERT INTO `entity_types` (`id`, `name`, `alias`) VALUES
(1, 'บริษัท, องค์กร หรือ ธุรกิจชุมชน', 'business'),
(2, 'สถานที่', 'place'),
(3, 'ร้านค้าออนไลน์', 'online-shop');

-- --------------------------------------------------------

--
-- Table structure for table `files`
--

CREATE TABLE `files` (
  `id` int(11) NOT NULL,
  `model` varchar(255) NOT NULL,
  `model_id` int(11) NOT NULL,
  `name` varchar(255) NOT NULL,
  `description` text,
  `file_type_id` int(11) NOT NULL,
  `created_by` int(11) NOT NULL,
  `created_at` datetime NOT NULL DEFAULT CURRENT_TIMESTAMP,
  `updated_at` datetime NOT NULL DEFAULT CURRENT_TIMESTAMP ON UPDATE CURRENT_TIMESTAMP
) ENGINE=InnoDB DEFAULT CHARSET=utf8;

-- --------------------------------------------------------

--
-- Table structure for table `images`
--

CREATE TABLE `images` (
  `id` int(11) NOT NULL,
  `model` varchar(255) NOT NULL,
  `model_id` int(11) NOT NULL,
  `filename` varchar(255) NOT NULL,
  `description` text,
  `created_by` int(11) NOT NULL,
  `created_at` datetime NOT NULL DEFAULT CURRENT_TIMESTAMP,
  `updated_at` datetime NOT NULL DEFAULT CURRENT_TIMESTAMP ON UPDATE CURRENT_TIMESTAMP
) ENGINE=InnoDB DEFAULT CHARSET=utf8;

-- --------------------------------------------------------

--
-- Table structure for table `lookups`
--

CREATE TABLE `lookups` (
  `id` int(11) NOT NULL,
  `model` varchar(255) NOT NULL,
  `model_id` int(11) NOT NULL,
  `keyword` varchar(255) DEFAULT NULL,
  `description` text,
  `keyword_1` varchar(255) DEFAULT NULL,
  `keyword_2` varchar(255) DEFAULT NULL,
  `keyword_3` varchar(255) DEFAULT NULL,
  `address` text,
  `tags` text,
  `created_at` datetime NOT NULL DEFAULT CURRENT_TIMESTAMP,
  `updated_at` datetime NOT NULL DEFAULT CURRENT_TIMESTAMP ON UPDATE CURRENT_TIMESTAMP
) ENGINE=InnoDB DEFAULT CHARSET=utf8;

-- --------------------------------------------------------

--
-- Table structure for table `people`
--

CREATE TABLE `people` (
  `id` int(11) NOT NULL,
  `user_id` int(11) NOT NULL,
  `profile_id` int(11) NOT NULL,
  `created_at` datetime NOT NULL DEFAULT CURRENT_TIMESTAMP,
  `updated_at` datetime NOT NULL DEFAULT CURRENT_TIMESTAMP ON UPDATE CURRENT_TIMESTAMP
) ENGINE=InnoDB DEFAULT CHARSET=utf8;

--
-- Dumping data for table `people`
--

INSERT INTO `people` (`id`, `user_id`, `profile_id`, `created_at`, `updated_at`) VALUES
(1, 1, 1, '2016-12-08 12:57:33', '2016-12-08 12:57:33'),
(2, 2, 2, '2016-12-08 23:35:18', '2016-12-08 23:35:18'),
(3, 3, 3, '2016-12-08 23:35:38', '2016-12-08 23:35:38'),
(4, 4, 4, '2016-12-08 23:35:56', '2016-12-08 23:35:56'),
(5, 5, 5, '2016-12-08 23:40:18', '2016-12-08 23:40:18'),
(6, 6, 6, '2016-12-08 23:41:28', '2016-12-08 23:41:28'),
(7, 7, 7, '2016-12-08 23:42:07', '2016-12-08 23:42:07'),
(8, 8, 8, '2016-12-08 23:42:33', '2016-12-08 23:42:33');

-- --------------------------------------------------------

--
-- Table structure for table `person_to_entities`
--

CREATE TABLE `person_to_entities` (
  `id` int(11) NOT NULL,
  `entity_id` int(11) NOT NULL,
  `person_id` int(11) NOT NULL,
  `role_id` int(11) NOT NULL,
  `created_at` datetime NOT NULL DEFAULT CURRENT_TIMESTAMP
) ENGINE=InnoDB DEFAULT CHARSET=utf8;

--
-- Dumping data for table `person_to_entities`
--

INSERT INTO `person_to_entities` (`id`, `entity_id`, `person_id`, `role_id`, `created_at`) VALUES
(1, 57, 1, 1, '2017-01-09 19:30:46'),
(2, 58, 1, 1, '2017-01-10 08:54:11'),
(3, 59, 1, 1, '2017-01-10 08:55:12'),
(4, 60, 1, 1, '2017-01-10 08:55:46'),
(5, 61, 1, 1, '2017-01-10 09:25:22'),
(6, 62, 1, 1, '2017-01-10 09:25:44'),
(7, 63, 1, 1, '2017-01-10 09:25:58'),
(8, 64, 1, 1, '2017-01-10 09:26:13'),
(9, 65, 1, 1, '2017-01-10 09:26:23'),
(10, 66, 1, 1, '2017-01-10 09:26:56'),
(11, 67, 1, 1, '2017-01-10 09:27:59'),
(12, 68, 1, 1, '2017-01-10 09:28:29'),
(13, 69, 1, 1, '2017-01-10 09:29:02'),
(14, 70, 1, 1, '2017-01-10 09:29:14'),
(15, 71, 1, 1, '2017-01-10 09:29:25'),
(16, 72, 1, 1, '2017-01-10 09:29:48'),
(17, 77, 1, 1, '2017-01-10 09:31:14'),
(18, 78, 1, 1, '2017-01-10 09:32:38'),
(19, 79, 1, 1, '2017-01-10 09:32:58'),
(20, 82, 1, 1, '2017-01-10 09:36:29'),
(21, 83, 1, 1, '2017-01-10 09:37:26'),
(22, 84, 1, 1, '2017-01-10 09:38:28'),
(23, 85, 1, 1, '2017-01-10 09:39:01'),
(24, 86, 1, 1, '2017-01-10 09:39:48'),
(25, 87, 1, 1, '2017-01-10 09:40:03'),
(26, 88, 1, 1, '2017-01-10 09:40:17'),
(27, 89, 1, 1, '2017-01-10 09:40:30'),
(28, 90, 1, 1, '2017-01-10 09:40:45'),
(29, 91, 1, 1, '2017-01-10 09:42:00'),
(30, 92, 1, 1, '2017-01-10 09:42:13'),
(31, 93, 1, 1, '2017-01-10 09:42:18'),
(32, 94, 1, 1, '2017-01-10 09:42:22'),
(33, 95, 1, 1, '2017-01-10 09:42:31'),
(34, 96, 1, 1, '2017-01-10 09:42:38'),
(35, 97, 1, 1, '2017-01-10 09:43:13'),
(36, 98, 1, 1, '2017-01-10 09:43:20'),
(37, 99, 1, 1, '2017-01-10 09:43:36'),
(38, 100, 1, 1, '2017-01-10 09:43:58'),
(39, 101, 1, 1, '2017-01-10 09:44:18'),
(40, 102, 1, 1, '2017-01-10 09:44:30'),
(41, 103, 1, 1, '2017-01-10 09:44:47'),
(42, 104, 1, 1, '2017-01-10 09:45:32'),
(43, 105, 1, 1, '2017-01-10 09:45:57'),
(44, 106, 1, 1, '2017-01-10 09:46:08'),
(45, 107, 1, 1, '2017-01-10 09:46:13'),
(46, 108, 1, 1, '2017-01-10 09:47:31'),
(47, 109, 1, 1, '2017-01-10 09:47:36'),
(48, 110, 1, 1, '2017-01-10 09:47:43'),
(49, 111, 1, 1, '2017-01-10 09:47:46'),
(50, 112, 1, 1, '2017-01-10 09:48:13'),
(51, 113, 1, 1, '2017-01-10 09:48:31'),
(52, 114, 1, 1, '2017-01-10 09:49:08'),
(53, 115, 1, 1, '2017-01-10 09:49:14'),
(54, 116, 1, 1, '2017-01-10 09:49:20'),
(55, 117, 1, 1, '2017-01-10 09:49:26'),
(56, 118, 1, 1, '2017-01-10 09:49:42'),
(57, 119, 1, 1, '2017-01-10 09:49:47'),
(58, 120, 1, 1, '2017-01-10 09:49:54'),
(59, 121, 1, 1, '2017-01-10 09:50:30'),
(60, 122, 1, 1, '2017-01-10 11:30:52'),
(61, 123, 1, 1, '2017-01-10 11:31:43'),
(62, 124, 1, 1, '2017-01-10 11:31:55'),
(63, 125, 1, 1, '2017-01-10 11:32:23'),
(64, 126, 1, 1, '2017-01-10 11:32:34'),
(65, 127, 1, 1, '2017-01-10 11:32:40'),
(66, 128, 1, 1, '2017-01-10 11:33:22'),
(67, 129, 1, 1, '2017-01-10 11:36:10'),
(68, 130, 1, 1, '2017-01-10 14:53:23'),
(69, 131, 1, 1, '2017-01-10 14:53:28'),
(70, 132, 1, 1, '2017-01-10 14:53:34'),
(71, 133, 1, 1, '2017-01-10 14:54:06'),
(72, 134, 1, 1, '2017-01-10 14:58:01'),
(73, 135, 1, 1, '2017-01-10 14:58:13'),
(74, 136, 1, 1, '2017-01-10 14:58:24'),
(75, 137, 1, 1, '2017-01-10 15:00:25'),
(76, 138, 1, 1, '2017-01-10 15:00:31'),
(77, 139, 1, 1, '2017-01-10 15:00:39'),
(78, 140, 1, 1, '2017-01-10 15:01:05'),
(79, 141, 1, 1, '2017-01-10 15:01:13'),
(80, 142, 1, 1, '2017-01-10 15:01:24'),
(81, 143, 1, 1, '2017-01-10 15:02:01'),
(82, 144, 1, 1, '2017-01-10 15:18:02'),
(83, 1, 1, 1, '2017-01-11 13:16:57'),
(84, 2, 1, 1, '2017-01-11 13:19:27'),
(85, 3, 1, 1, '2017-01-11 14:43:42'),
(86, 4, 1, 1, '2017-01-11 14:44:46'),
(87, 5, 1, 1, '2017-01-12 09:08:45'),
(88, 6, 1, 1, '2017-01-12 09:10:01'),
(89, 7, 1, 1, '2017-01-12 09:10:15'),
(90, 8, 1, 1, '2017-01-12 09:14:30'),
(91, 9, 1, 1, '2017-01-12 09:15:07'),
(92, 10, 1, 1, '2017-01-12 09:19:54'),
(93, 11, 1, 1, '2017-01-12 09:20:15'),
(94, 12, 1, 1, '2017-01-12 09:21:13'),
(95, 13, 1, 1, '2017-01-12 09:23:04'),
(96, 14, 1, 1, '2017-01-12 09:24:24'),
(97, 15, 1, 1, '2017-01-12 09:26:39'),
(98, 16, 1, 1, '2017-01-12 09:30:21');

-- --------------------------------------------------------

--
-- Table structure for table `products`
--

CREATE TABLE `products` (
  `id` int(11) NOT NULL,
  `name` varchar(255) NOT NULL,
  `description` text,
  `product_model` varchar(255) DEFAULT NULL,
  `sku` int(255) DEFAULT NULL,
  `quantity` int(5) DEFAULT NULL,
  `stock_status_id` int(11) DEFAULT NULL,
  `price` decimal(15,2) NOT NULL,
  `weight` decimal(15,8) DEFAULT NULL,
  `weight_id` int(11) DEFAULT NULL,
  `length` decimal(15,8) DEFAULT NULL,
  `length_id` int(11) DEFAULT NULL,
  `width` decimal(15,8) DEFAULT NULL,
  `height` decimal(15,8) DEFAULT NULL,
  `created_by` int(11) NOT NULL,
  `created_at` datetime NOT NULL DEFAULT CURRENT_TIMESTAMP,
  `updated_at` datetime NOT NULL DEFAULT CURRENT_TIMESTAMP ON UPDATE CURRENT_TIMESTAMP
) ENGINE=InnoDB DEFAULT CHARSET=utf8;

-- --------------------------------------------------------

--
-- Table structure for table `product_categories`
--

CREATE TABLE `product_categories` (
  `id` int(11) NOT NULL,
  `parent_id` int(11) DEFAULT NULL,
  `name` varchar(255) NOT NULL,
  `description` text,
  `image` varchar(255) DEFAULT NULL,
  `top` tinyint(1) NOT NULL,
  `active` tinyint(1) NOT NULL DEFAULT '1',
  `created_at` datetime NOT NULL DEFAULT CURRENT_TIMESTAMP,
  `updated_at` datetime NOT NULL DEFAULT CURRENT_TIMESTAMP ON UPDATE CURRENT_TIMESTAMP
) ENGINE=InnoDB DEFAULT CHARSET=utf8;

--
-- Dumping data for table `product_categories`
--

INSERT INTO `product_categories` (`id`, `parent_id`, `name`, `description`, `image`, `top`, `active`, `created_at`, `updated_at`) VALUES
(1, NULL, 'เสื้อผ้าและเครื่องแต่งกายสุภาพบุรุษ', NULL, NULL, 0, 1, '2017-01-12 21:29:36', '2017-01-12 21:29:36'),
(2, NULL, 'เสื้อผ้าและเครื่องแต่งกายสุภาพสตรี', NULL, NULL, 0, 1, '2017-01-12 21:29:36', '2017-01-12 21:29:36'),
(3, NULL, 'อุปกรณ์กีฬาและอุปกรณ์ช่วยออกกำลังกาย', NULL, NULL, 0, 1, '2017-01-12 21:30:22', '2017-01-12 21:30:22'),
(4, NULL, 'อาหารเสริมและความงาม', NULL, NULL, 0, 1, '2017-01-12 21:30:22', '2017-01-13 15:24:54'),
(5, NULL, 'แม่และเด็ก', NULL, NULL, 0, 1, '2017-01-12 21:32:55', '2017-01-12 21:32:55'),
(6, NULL, 'ยานพาหนะ', NULL, NULL, 0, 1, '2017-01-12 21:32:55', '2017-01-12 21:32:55'),
(7, NULL, 'ชุดและอุปกรณ์สำหรับขับขี่ยานพาหนะ', NULL, NULL, 0, 1, '2017-01-12 21:33:17', '2017-01-12 21:33:17'),
(8, NULL, 'อะไหล่รถ ประดับยนต์', NULL, NULL, 0, 1, '2017-01-12 21:33:17', '2017-01-12 21:33:17'),
(9, NULL, 'คอมพิวเตอร์และโน๊ตบุค', NULL, NULL, 0, 1, '2017-01-12 21:40:58', '2017-01-12 21:44:42'),
(10, NULL, 'โทรศัพท์มือถือและแท็บเล็ต', NULL, NULL, 0, 1, '2017-01-12 21:40:58', '2017-01-12 21:40:58'),
(11, NULL, 'ทีวีและมอนิเตอร์', NULL, NULL, 0, 1, '2017-01-12 21:42:25', '2017-01-12 21:42:25'),
(12, NULL, 'เครื่องเกม', NULL, NULL, 0, 1, '2017-01-12 21:44:58', '2017-01-12 21:44:58'),
(13, NULL, 'Gaming Gear', NULL, NULL, 0, 1, '2017-01-12 21:47:40', '2017-01-12 21:47:40'),
(14, NULL, 'กล้องและอุปกรณ์เสริม', NULL, NULL, 0, 1, '2017-01-12 21:48:18', '2017-01-12 21:48:18'),
(15, NULL, 'เครื่องดนตรีและอุปกรณ์เสริม', NULL, NULL, 0, 1, '2017-01-13 15:10:41', '2017-01-13 15:12:55'),
(16, NULL, 'เครื่องเสียงและชุดหูฟัง', NULL, NULL, 0, 1, '2017-01-13 15:12:28', '2017-01-13 15:12:28'),
(17, NULL, 'เครื่องใช้ในครัวเรือนและเครื่องใช้ไฟฟ้า', NULL, NULL, 0, 1, '2017-01-13 15:13:37', '2017-01-13 15:13:37'),
(18, NULL, 'สวนและเฟอร์นิเจอร์ตกแต่งบ้าน', NULL, NULL, 0, 1, '2017-01-13 15:15:18', '2017-01-13 15:15:18'),
(19, NULL, 'เครื่องมือและอุปกรณ์ทำสวน', NULL, NULL, 0, 1, '2017-01-13 15:16:41', '2017-01-13 15:16:41'),
(20, NULL, 'เครื่องมือและอุปกรณ์ช่าง', NULL, NULL, 0, 1, '2017-01-13 15:17:05', '2017-01-13 15:17:05'),
(21, NULL, 'หนังสือ', NULL, NULL, 0, 1, '2017-01-13 15:18:55', '2017-01-13 15:18:55'),
(22, NULL, 'สัตว์เลี้ยงและอุปกรณ์สำหรับสัตว์เลี้ยง', NULL, NULL, 0, 1, '2017-01-13 15:19:51', '2017-01-13 15:19:51'),
(23, NULL, 'กระเป๋าและอุปกรณ์สำหรับการเดินทาง', NULL, NULL, 0, 1, '2017-01-13 15:21:39', '2017-01-13 15:21:39'),
(24, NULL, 'ของเล่นและของสะสม ', NULL, NULL, 0, 1, '2017-01-13 15:22:01', '2017-01-13 15:22:01'),
(25, NULL, 'เครื่องเขียนและอุปกรณ์การเรียน', NULL, NULL, 0, 1, '2017-01-13 15:23:09', '2017-01-13 15:23:09'),
(26, NULL, 'อาหารและของกินเล่น', NULL, NULL, 0, 1, '2017-01-13 15:27:30', '2017-01-13 15:35:17'),
(27, NULL, 'เครื่องดื่ม', NULL, NULL, 0, 1, '2017-01-13 15:27:30', '2017-01-13 15:27:30'),
(28, NULL, 'ขนมนำเข้าจากต่างประเทศ', NULL, NULL, 0, 1, '2017-01-13 15:27:49', '2017-01-13 15:27:49'),
(29, NULL, 'อสังหาริมทรัพย์', NULL, NULL, 0, 1, '2017-01-13 16:47:07', '2017-01-13 16:47:07');

-- --------------------------------------------------------

--
-- Table structure for table `profiles`
--

CREATE TABLE `profiles` (
  `id` int(11) NOT NULL,
  `name` varchar(255) NOT NULL,
  `gender` varchar(25) NOT NULL,
  `birth_date` date NOT NULL,
  `created_at` datetime NOT NULL DEFAULT CURRENT_TIMESTAMP,
  `updated_at` datetime NOT NULL DEFAULT CURRENT_TIMESTAMP ON UPDATE CURRENT_TIMESTAMP
) ENGINE=InnoDB DEFAULT CHARSET=utf8;

--
-- Dumping data for table `profiles`
--

INSERT INTO `profiles` (`id`, `name`, `gender`, `birth_date`, `created_at`, `updated_at`) VALUES
(1, 'Fname Lname', 'm', '2500-01-01', '2016-12-08 12:57:33', '2016-12-24 19:26:17');

-- --------------------------------------------------------

--
-- Table structure for table `roles`
--

CREATE TABLE `roles` (
  `id` int(11) NOT NULL,
  `name` varchar(255) NOT NULL,
  `alias` varchar(255) DEFAULT NULL,
  `adding_permission` tinyint(1) NOT NULL,
  `editing_permission` tinyint(1) NOT NULL,
  `deleting_permission` tinyint(1) NOT NULL,
  `created_at` datetime NOT NULL DEFAULT CURRENT_TIMESTAMP,
  `updated_at` datetime NOT NULL DEFAULT CURRENT_TIMESTAMP ON UPDATE CURRENT_TIMESTAMP
) ENGINE=InnoDB DEFAULT CHARSET=utf8;

--
-- Dumping data for table `roles`
--

INSERT INTO `roles` (`id`, `name`, `alias`, `adding_permission`, `editing_permission`, `deleting_permission`, `created_at`, `updated_at`) VALUES
(1, 'admin', 'admin', 1, 1, 1, '2016-12-06 10:44:05', '2016-12-31 17:36:42');

-- --------------------------------------------------------

--
-- Table structure for table `slugs`
--

CREATE TABLE `slugs` (
  `id` int(11) NOT NULL,
  `model` varchar(255) NOT NULL,
  `model_id` int(11) NOT NULL,
  `name` varchar(255) NOT NULL,
  `created_at` datetime NOT NULL DEFAULT CURRENT_TIMESTAMP
) ENGINE=InnoDB DEFAULT CHARSET=utf8;

-- --------------------------------------------------------

--
-- Table structure for table `sub_districts`
--

CREATE TABLE `sub_districts` (
  `id` int(11) NOT NULL,
  `district_id` int(11) NOT NULL,
  `name` varchar(255) NOT NULL,
  `zip_code` varchar(20) DEFAULT NULL,
  `created_at` datetime NOT NULL DEFAULT CURRENT_TIMESTAMP,
  `updated_at` datetime NOT NULL DEFAULT CURRENT_TIMESTAMP ON UPDATE CURRENT_TIMESTAMP
) ENGINE=InnoDB DEFAULT CHARSET=utf8;

--
-- Dumping data for table `sub_districts`
--

INSERT INTO `sub_districts` (`id`, `district_id`, `name`, `zip_code`, `created_at`, `updated_at`) VALUES
(1, 1, 'เสม็ด', '20000,20130', '2016-11-26 07:43:37', '2017-01-11 22:25:17'),
(2, 1, 'เหมือง', '20130', '2016-11-26 07:43:37', '2017-01-11 22:26:30'),
(3, 1, 'แสนสุข', '20130,20131', '2016-11-26 07:44:21', '2017-01-11 22:26:02'),
(4, 1, 'คลองตำหรุ', '20000', '2016-11-26 07:44:21', '2017-01-11 22:24:48'),
(5, 1, 'ดอนหัวฬ่อ', '20000', '2016-11-26 07:44:53', '2017-01-11 22:24:48'),
(6, 1, 'นาป่า', '20000', '2016-11-26 07:44:53', '2017-01-11 22:24:48'),
(7, 1, 'บางทราย', '20000', '2016-11-26 07:45:45', '2017-01-11 22:24:48'),
(8, 1, 'บางปลาสร้อย', '20000', '2016-11-26 07:45:45', '2017-01-11 22:24:48'),
(9, 1, 'บ้านโขด', '20000', '2016-11-26 07:46:18', '2017-01-11 22:24:48'),
(10, 1, 'บ้านปึก', '20000', '2016-11-26 07:46:18', '2017-01-11 22:24:48'),
(11, 1, 'บ้านสวน', '20000', '2016-11-26 07:46:59', '2017-01-11 22:24:48'),
(12, 1, 'มะขามหย่ง', '20000', '2016-11-26 07:46:59', '2017-01-11 22:24:48'),
(13, 1, 'สำนักบก', '20000', '2016-11-26 07:47:33', '2017-01-11 22:24:48'),
(14, 1, 'หนองไม้แดง', '20000', '2016-11-26 07:47:33', '2017-01-11 22:24:48'),
(15, 1, 'หนองข้างคอก', '20000', '2016-11-26 07:48:06', '2017-01-11 22:24:48'),
(16, 1, 'หนองรี', '20000', '2016-11-26 07:48:06', '2017-01-11 22:24:48'),
(17, 1, 'ห้วยกะปิ', '20000,20130', '2016-11-26 07:48:27', '2017-01-11 22:26:17'),
(18, 1, 'อ่างศิลา', '20000', '2016-11-26 07:48:27', '2017-01-11 22:24:48'),
(19, 2, 'ท่าเทววงษ์', '20120', '2016-11-26 07:49:01', '2017-01-11 22:29:12'),
(20, 3, 'เกษตรสุวรรณ', '20270', '2016-11-26 07:49:38', '2017-01-11 22:17:35'),
(21, 3, 'ธาตุทอง', '20270', '2016-11-26 07:49:38', '2017-01-11 22:17:41'),
(22, 3, 'บ่อกวางทอง', '20270', '2016-11-26 07:49:57', '2017-01-11 22:17:43'),
(23, 3, 'บ่อทอง', '20270', '2016-11-26 07:49:57', '2017-01-11 22:17:44'),
(24, 3, 'พลวงทอง', '20270', '2016-11-26 07:50:28', '2017-01-11 22:17:46'),
(25, 3, 'วัดสุวรรณ', '20270', '2016-11-26 07:50:28', '2017-01-11 22:17:47'),
(26, 4, 'เขาไม้แก้ว', '20150', '2016-11-26 07:51:42', '2017-01-11 22:18:19'),
(27, 4, 'โป่ง', '20150', '2016-11-26 07:51:42', '2017-01-11 22:18:21'),
(28, 4, 'ตะเคียนเตี้ย', '20150', '2016-11-26 07:52:12', '2017-01-11 22:18:23'),
(29, 4, 'นาเกลือ', '20150', '2016-11-26 07:52:12', '2017-01-11 22:18:25'),
(30, 4, 'บางละมุง', '20150', '2016-11-26 07:52:38', '2017-01-11 22:18:26'),
(31, 4, 'หนองปรือ', '20150', '2016-11-26 07:52:38', '2017-01-11 22:18:27'),
(32, 4, 'หนองปลาไหล', '20150', '2016-11-26 07:53:24', '2017-01-11 22:18:28'),
(33, 4, 'ห้วยใหญ่', '20150', '2016-11-26 07:53:24', '2017-01-11 22:18:29'),
(34, 5, 'คลองกิ่ว', '20220', '2016-11-26 07:54:07', '2017-01-11 22:18:50'),
(35, 5, 'บ้านบึง', '20170', '2016-11-26 07:54:07', '2017-01-11 22:18:55'),
(36, 5, 'มาบไผ่', '20170', '2016-11-26 07:55:20', '2017-01-11 22:19:03'),
(37, 5, 'หนองไผ่แก้ว', '20220', '2016-11-26 07:55:20', '2017-01-11 22:19:33'),
(38, 5, 'หนองชาก', '20170', '2016-11-26 07:55:52', '2017-01-11 22:19:19'),
(39, 5, 'หนองซ้ำซาก', '20170', '2016-11-26 07:55:52', '2017-01-11 22:19:24'),
(40, 5, 'หนองบอนแดง', '20170', '2016-11-26 07:56:25', '2017-01-11 22:19:28'),
(41, 5, 'หนองอิรุณ', '20220', '2016-11-26 07:56:25', '2017-01-11 22:19:38'),
(42, 6, 'เกาะลอย', NULL, '2016-11-26 07:57:40', '2016-11-26 07:57:40'),
(43, 6, 'โคกขี้หนอน', NULL, '2016-11-26 07:57:40', '2016-11-26 07:57:40'),
(44, 6, 'บางนาง', NULL, '2016-11-26 07:58:15', '2016-11-26 07:58:15'),
(45, 6, 'บางหัก', NULL, '2016-11-26 07:58:15', '2016-11-26 07:58:15'),
(46, 6, 'บ้านเก่า', NULL, '2016-11-26 07:58:42', '2016-11-26 07:58:42'),
(47, 6, 'พานทอง', NULL, '2016-11-26 07:58:42', '2016-11-26 07:58:42'),
(48, 6, 'มาบโป่ง', NULL, '2016-11-26 07:59:20', '2016-11-26 07:59:20'),
(49, 6, 'หนองกะขะ', NULL, '2016-11-26 07:59:20', '2016-11-26 07:59:20'),
(50, 6, 'หนองตำลึง', NULL, '2016-11-26 07:59:56', '2016-11-26 07:59:56'),
(51, 6, 'หนองหงษ์', NULL, '2016-11-26 07:59:56', '2016-11-26 07:59:56'),
(52, 6, 'หน้าประดู่', NULL, '2016-11-26 08:00:08', '2016-11-26 08:00:08'),
(53, 7, 'โคกเพลาะ', '20140', '2016-11-26 08:00:53', '2017-01-11 22:20:47'),
(54, 7, 'ไร่หลักทอง', '20140', '2016-11-26 08:00:53', '2017-01-11 22:22:43'),
(55, 7, 'กุฎโง้ง', '20140', '2016-11-26 08:01:20', '2017-01-11 22:20:00'),
(56, 7, 'ท่าข้าม', '20140', '2016-11-26 08:01:20', '2017-01-11 22:20:54'),
(57, 7, 'ทุ่งขวาง', '20140', '2016-11-26 08:02:30', '2017-01-11 22:21:46'),
(58, 7, 'นาเริก', '20140,20240', '2016-11-26 08:02:30', '2017-01-11 22:22:07'),
(59, 7, 'นามะตูม', '20140', '2016-11-26 08:03:37', '2017-01-11 22:21:53'),
(60, 7, 'นาวังหิน', '20140,20240', '2016-11-26 08:03:37', '2017-01-11 22:22:20'),
(61, 7, 'บ้านเซิด', '20140', '2016-11-26 08:04:32', '2017-01-11 22:22:31'),
(62, 7, 'บ้านช้าง', '20140', '2016-11-26 08:04:32', '2017-01-11 22:22:30'),
(63, 7, 'พนัสนิคม', '20140', '2016-11-26 08:05:23', '2017-01-11 22:22:37'),
(64, 7, 'วัดโบสถ์', '20140', '2016-11-26 08:05:23', '2017-01-11 22:22:49'),
(65, 7, 'วัดหลวง', '20140', '2016-11-26 08:06:35', '2017-01-11 22:22:54'),
(66, 7, 'สระสี่เหลี่ยม', '20140', '2016-11-26 08:06:35', '2017-01-11 22:23:05'),
(67, 7, 'หนองเหียง', '20140', '2016-11-26 08:07:08', '2017-01-11 22:23:25'),
(68, 7, 'หนองขยาด', '20140', '2016-11-26 08:07:08', '2017-01-11 22:23:26'),
(69, 7, 'หนองปรือ', '20140', '2016-11-26 08:07:49', '2017-01-11 22:23:27'),
(70, 7, 'หน้าพระธาตุ', '20140', '2016-11-26 08:07:49', '2017-01-11 22:23:33'),
(71, 7, 'หมอนนาง', '20140', '2016-11-26 08:08:12', '2017-01-11 22:23:35'),
(72, 7, 'หัวถนน', '20140', '2016-11-26 08:08:12', '2017-01-11 22:23:36'),
(73, 8, 'เขาคันทรง', '20110', '2016-11-26 08:09:44', '2017-01-11 22:13:27'),
(74, 8, 'ทุ่งสุขลา', '20230', '2016-11-26 08:09:44', '2017-01-11 22:13:37'),
(75, 8, 'บ่อวิน', '20230', '2016-11-26 08:10:15', '2017-01-11 22:13:45'),
(76, 8, 'บางพระ', '20110', '2016-11-26 08:10:15', '2017-01-11 22:13:52'),
(77, 8, 'บึง', '20230', '2016-11-26 08:10:38', '2017-01-11 22:13:57'),
(78, 8, 'ศรีราชา', '20110', '2016-11-26 08:10:38', '2017-01-11 22:14:05'),
(79, 8, 'สุรศักดิ์', '20110', '2016-11-26 08:11:05', '2017-01-11 22:14:10'),
(80, 8, 'หนองขาม', '20110,20230', '2016-11-26 08:11:05', '2017-01-11 22:14:57'),
(81, 9, 'แสมสาร', '20180', '2016-11-26 08:11:49', '2017-01-11 22:27:54'),
(82, 9, 'นาจอมเทียน', '20250', '2016-11-26 08:11:49', '2017-01-11 22:27:05'),
(83, 9, 'บางเสร่', '20250,20251', '2016-11-26 08:12:16', '2017-01-11 22:27:22'),
(84, 9, 'พลูตาหลวง', '20180', '2016-11-26 08:12:16', '2017-01-11 22:27:32'),
(85, 9, 'สัตหีบ', '20180,20182', '2016-11-26 08:12:29', '2017-01-11 22:27:44'),
(86, 10, 'เขาซก', '20190', '2016-11-26 08:13:37', '2017-01-11 22:28:19'),
(87, 10, 'คลองพลู', '20190', '2016-11-26 08:13:37', '2017-01-11 22:28:21'),
(88, 10, 'หนองเสือช้าง', '20190', '2016-11-26 08:13:58', '2017-01-11 22:28:22'),
(89, 10, 'หนองใหญ่', '20190', '2016-11-26 08:13:58', '2017-01-11 22:28:24'),
(90, 10, 'ห้างสูง', '20190', '2016-11-26 08:14:09', '2017-01-11 22:28:26'),
(91, 11, 'เกาะจันทร์', '20240', '2016-11-26 08:14:57', '2017-01-11 22:16:55'),
(92, 11, 'ท่าบุญมี', '20240', '2016-11-26 08:14:57', '2017-01-11 22:16:57'),
(93, 12, 'พัทยาเหนือ', NULL, '2016-12-04 13:17:12', '2016-12-04 13:17:12'),
(94, 12, 'พัทยากลาง', NULL, '2016-12-04 13:17:12', '2016-12-04 13:17:12'),
(95, 12, 'พัทยาใต้', NULL, '2016-12-04 13:17:24', '2016-12-04 13:17:24');

-- --------------------------------------------------------

--
-- Table structure for table `temporary_files`
--

CREATE TABLE `temporary_files` (
  `id` int(11) NOT NULL,
  `model` varchar(255) NOT NULL,
  `filename` varchar(255) NOT NULL,
  `token` varchar(255) NOT NULL,
  `file_type` varchar(255) DEFAULT NULL,
  `created_by` int(11) NOT NULL,
  `created_at` datetime NOT NULL DEFAULT CURRENT_TIMESTAMP
) ENGINE=InnoDB DEFAULT CHARSET=utf8;

-- --------------------------------------------------------

--
-- Table structure for table `users`
--

CREATE TABLE `users` (
  `id` int(11) NOT NULL,
  `email` varchar(25) NOT NULL,
  `password` varchar(255) NOT NULL,
  `receive_email` tinyint(1) DEFAULT NULL,
  `remember_token` varchar(100) DEFAULT NULL,
  `api_token` varchar(255) NOT NULL,
  `created_at` datetime NOT NULL DEFAULT CURRENT_TIMESTAMP,
  `updated_at` datetime NOT NULL DEFAULT CURRENT_TIMESTAMP ON UPDATE CURRENT_TIMESTAMP
) ENGINE=InnoDB DEFAULT CHARSET=utf8;

--
-- Dumping data for table `users`
--

INSERT INTO `users` (`id`, `email`, `password`, `receive_email`, `remember_token`, `api_token`, `created_at`, `updated_at`) VALUES
(1, '1', '$2y$10$JzjB5lnDBSuvrCk5BeGdYOKlkrilHaRILTNaLuo6k9o0PcfKWZRc6', NULL, 'uEAC1nVhFgWbrOKOvANezu8sEp85r6sFppzyA4y6BPHAyu8qskchnQUwT937', '', '2016-12-08 12:57:33', '2017-01-09 19:06:25');

-- --------------------------------------------------------

--
-- Table structure for table `villages`
--

CREATE TABLE `villages` (
  `id` int(11) NOT NULL,
  `district_id` int(11) NOT NULL,
  `sub_district_id` int(11) NOT NULL,
  `name` varchar(255) NOT NULL,
  `created_at` datetime NOT NULL DEFAULT CURRENT_TIMESTAMP,
  `updated_at` datetime NOT NULL DEFAULT CURRENT_TIMESTAMP ON UPDATE CURRENT_TIMESTAMP
) ENGINE=InnoDB DEFAULT CHARSET=utf8;

--
-- Dumping data for table `villages`
--

INSERT INTO `villages` (`id`, `district_id`, `sub_district_id`, `name`, `created_at`, `updated_at`) VALUES
(1, 1, 1, 'ห้วยแหลม', '2016-11-26 11:28:31', '2016-11-26 11:28:31'),
(2, 1, 1, 'กระโดน', '2016-11-26 11:28:31', '2016-11-26 11:28:31'),
(3, 1, 1, 'ไร่ถั่ว', '2016-11-26 11:28:31', '2016-11-26 11:28:31'),
(4, 1, 1, 'เสม็ดใน', '2016-11-26 11:28:31', '2016-11-26 11:28:31'),
(5, 1, 1, 'หัวโพรง', '2016-11-26 11:28:32', '2016-11-26 11:28:32'),
(6, 1, 1, 'เสม็ดนอก', '2016-11-26 11:28:32', '2016-11-26 11:28:32'),
(7, 1, 1, 'เนินมะกอกใน', '2016-11-26 11:28:32', '2016-11-26 11:28:32'),
(8, 1, 1, 'เนินมะกอกนอก', '2016-11-26 11:28:32', '2016-11-26 11:28:32'),
(9, 1, 2, 'ดอนล่าง', '2016-11-26 11:32:17', '2016-11-26 11:32:17'),
(10, 1, 2, 'ดอนกลาง', '2016-11-26 11:32:17', '2016-11-26 11:32:17'),
(11, 1, 2, 'ท้ายดอน', '2016-11-26 11:32:17', '2016-11-26 11:32:17'),
(12, 1, 2, 'ดอนบน', '2016-11-26 11:32:17', '2016-11-26 11:32:17'),
(13, 1, 2, 'ไร่ไหหลำ', '2016-11-26 11:32:17', '2016-11-26 11:32:17'),
(14, 1, 4, 'บน', '2016-11-26 11:33:44', '2016-11-26 11:33:44'),
(15, 1, 4, 'ล่าง', '2016-11-26 11:33:44', '2016-11-26 11:33:44'),
(16, 1, 4, 'กลางเหนือ', '2016-11-26 11:33:44', '2016-11-26 11:33:44'),
(17, 1, 4, 'กลาง', '2016-11-26 11:33:44', '2016-11-26 11:33:44'),
(18, 1, 4, 'บน', '2016-11-26 11:33:44', '2016-11-26 11:33:44'),
(19, 1, 4, 'ปากคลอง', '2016-11-26 11:33:44', '2016-11-26 11:33:44'),
(20, 1, 5, 'ชากสมอ', '2016-11-26 11:35:00', '2016-11-26 11:35:00'),
(21, 1, 5, 'หนองไผ่กลางดอน', '2016-11-26 11:35:00', '2016-11-26 11:35:00'),
(22, 1, 5, 'หนองกงฉาก', '2016-11-26 11:35:00', '2016-11-26 11:35:00'),
(23, 1, 5, 'ดอนบน', '2016-11-26 11:35:00', '2016-11-26 11:35:00'),
(24, 1, 5, 'หนองหัวฬ่อ', '2016-11-26 11:35:00', '2016-11-26 11:35:00'),
(25, 1, 5, 'ดอนล่าง', '2016-11-26 11:35:00', '2016-11-26 11:35:00'),
(26, 1, 5, 'สามเกลียว', '2016-11-26 11:35:00', '2016-11-26 11:35:00'),
(27, 1, 6, 'นาล่าง', '2016-11-26 11:35:42', '2016-11-26 11:35:42'),
(28, 1, 6, 'ท้องคุ้ง', '2016-11-26 11:35:42', '2016-11-26 11:35:42'),
(29, 1, 6, 'นาขัดแตะ', '2016-11-26 11:35:42', '2016-11-26 11:35:42'),
(30, 1, 6, 'นานอก', '2016-11-26 11:35:42', '2016-11-26 11:35:42'),
(31, 1, 6, 'ทุ่งบางกระแพง', '2016-11-26 11:35:42', '2016-11-26 11:35:42'),
(32, 1, 6, 'นาเขื่อน', '2016-11-26 11:35:42', '2016-11-26 11:35:42'),
(33, 1, 6, 'หนองพะเนียง', '2016-11-26 11:35:42', '2016-11-26 11:35:42'),
(34, 1, 6, 'หนองทราย', '2016-11-26 11:35:42', '2016-11-26 11:35:42'),
(35, 1, 6, 'บ่อมอญ', '2016-11-26 11:35:42', '2016-11-26 11:35:42'),
(36, 1, 6, 'ไร่บน', '2016-11-26 11:35:42', '2016-11-26 11:35:42'),
(37, 1, 6, 'หนองบอน', '2016-11-26 11:35:42', '2016-11-26 11:35:42'),
(38, 1, 6, 'หนองยายรัก', '2016-11-26 11:35:42', '2016-11-26 11:35:42'),
(39, 1, 7, 'บางทราย', '2016-11-26 11:36:25', '2016-11-26 11:36:25'),
(40, 1, 7, 'ถ่านล่าง', '2016-11-26 11:36:25', '2016-11-26 11:36:25'),
(41, 1, 7, 'ถ่านบน', '2016-11-26 11:36:25', '2016-11-26 11:36:25'),
(42, 1, 7, 'ท่าถ่านบน', '2016-11-26 11:36:25', '2016-11-26 11:36:25'),
(43, 1, 7, 'หัวหิน', '2016-11-26 11:36:25', '2016-11-26 11:36:25'),
(44, 1, 7, 'หน้าวัดเขา', '2016-11-26 11:36:25', '2016-11-26 11:36:25'),
(45, 1, 10, 'ปึก', '2016-11-26 11:37:44', '2016-11-26 11:37:44'),
(46, 1, 10, 'สวนมะม่วง', '2016-11-26 11:37:44', '2016-11-26 11:37:44'),
(47, 1, 10, 'ปึก', '2016-11-26 11:37:44', '2016-11-26 11:37:44'),
(48, 1, 10, 'หนองยีม้า', '2016-11-26 11:37:44', '2016-11-26 11:37:44'),
(49, 1, 10, 'สวนมาก', '2016-11-26 11:37:44', '2016-11-26 11:37:44'),
(50, 1, 10, 'หนองเพรช', '2016-11-26 11:37:44', '2016-11-26 11:37:44'),
(51, 1, 10, 'มาบหม้อ', '2016-11-26 11:37:44', '2016-11-26 11:37:44'),
(52, 1, 11, 'หนองตะโก', '2016-11-26 11:38:35', '2016-11-26 11:38:35'),
(53, 1, 11, 'หนองตาท้วม', '2016-11-26 11:38:35', '2016-11-26 11:38:35'),
(54, 1, 11, 'ห้วยทวน', '2016-11-26 11:38:35', '2016-11-26 11:38:35'),
(55, 1, 11, 'สวนแขก', '2016-11-26 11:38:35', '2016-11-26 11:38:35'),
(56, 1, 11, 'หนองกระทุ่ม', '2016-11-26 11:38:35', '2016-11-26 11:38:35'),
(57, 1, 11, 'หนองแทน', '2016-11-26 11:38:35', '2016-11-26 11:38:35'),
(58, 1, 11, 'เขามยุรา', '2016-11-26 11:38:35', '2016-11-26 11:38:35'),
(59, 1, 11, 'เขาน้อย', '2016-11-26 11:38:35', '2016-11-26 11:38:35'),
(60, 1, 11, 'บ่อบุญทอง', '2016-11-26 11:38:36', '2016-11-26 11:38:36'),
(61, 1, 11, 'ศาลาคู่', '2016-11-26 11:38:36', '2016-11-26 11:38:36'),
(62, 1, 13, 'ห้วย', '2016-11-26 11:39:50', '2016-11-26 11:39:50'),
(63, 1, 13, 'บน', '2016-11-26 11:39:50', '2016-11-26 11:39:50'),
(64, 1, 13, 'หนองน้ำร้อน', '2016-11-26 11:39:50', '2016-11-26 11:39:50'),
(65, 1, 13, 'ท้วยตะคุก', '2016-11-26 11:39:50', '2016-11-26 11:39:50'),
(66, 1, 13, 'ไร่', '2016-11-26 11:39:50', '2016-11-26 11:39:50'),
(67, 1, 13, 'หนองกระต่าย', '2016-11-26 11:39:50', '2016-11-26 11:39:50'),
(68, 1, 14, 'ศรีพโล', '2016-11-26 11:40:30', '2016-11-26 11:40:30'),
(69, 1, 14, 'ตีนเขา', '2016-11-26 11:40:30', '2016-11-26 11:40:30'),
(70, 1, 14, 'ห้วยสาริกา', '2016-11-26 11:40:30', '2016-11-26 11:40:30'),
(71, 1, 14, 'ก้นทุ่ง', '2016-11-26 11:40:30', '2016-11-26 11:40:30'),
(72, 1, 14, 'สมอกาฝาก', '2016-11-26 11:40:30', '2016-11-26 11:40:30'),
(73, 1, 14, 'อู่ตะเภา', '2016-11-26 11:40:30', '2016-11-26 11:40:30'),
(74, 1, 14, 'หนองไม้แดง', '2016-11-26 11:40:30', '2016-11-26 11:40:30'),
(75, 1, 15, 'ห้วยทวน', '2016-11-26 11:41:11', '2016-11-26 11:41:11'),
(76, 1, 15, 'มาบหวาย', '2016-11-26 11:41:11', '2016-11-26 11:41:11'),
(77, 1, 15, 'หนองข้างคอก', '2016-11-26 11:41:11', '2016-11-26 11:41:11'),
(78, 1, 15, 'บ่อน้ำจืด', '2016-11-26 11:41:11', '2016-11-26 11:41:11'),
(79, 1, 15, 'สวนมะพร้าว', '2016-11-26 11:41:11', '2016-11-26 11:41:11'),
(80, 1, 15, 'สวนน้ำตก', '2016-11-26 11:41:11', '2016-11-26 11:41:11'),
(81, 1, 15, 'วังตะโก', '2016-11-26 11:41:11', '2016-11-26 11:41:11'),
(82, 1, 16, 'หนองไข่เน่า', '2016-11-26 11:42:11', '2016-11-26 11:42:11'),
(83, 1, 16, 'เขาดิน', '2016-11-26 11:42:11', '2016-11-26 11:42:11'),
(84, 1, 16, 'หนองปึกนก', '2016-11-26 11:42:11', '2016-11-26 11:42:11'),
(85, 1, 16, 'ทุ่งตีนเป็ด', '2016-11-26 11:42:11', '2016-11-26 11:42:11'),
(86, 1, 16, 'หัวโกรก', '2016-11-26 11:42:11', '2016-11-26 11:42:11'),
(87, 1, 16, 'หัวโกรกบน', '2016-11-26 11:42:12', '2016-11-26 11:42:12'),
(88, 1, 16, 'หนองรี', '2016-11-26 11:42:12', '2016-11-26 11:42:12'),
(89, 1, 16, 'หนองแพงพวย', '2016-11-26 11:42:12', '2016-11-26 11:42:12'),
(90, 1, 16, 'หนองฉนาก', '2016-11-26 11:42:12', '2016-11-26 11:42:12'),
(91, 1, 16, 'หนองกลางดง', '2016-11-26 11:42:12', '2016-11-26 11:42:12'),
(92, 1, 16, 'เขาหินถ่าง', '2016-11-26 11:42:12', '2016-11-26 11:42:12'),
(93, 1, 16, 'ช่องมะเฟือง', '2016-11-26 11:42:12', '2016-11-26 11:42:12'),
(94, 1, 16, 'หนองค้อ', '2016-11-26 11:42:12', '2016-11-26 11:42:12'),
(95, 1, 16, 'หนองหญ้าแห้ง', '2016-11-26 11:42:12', '2016-11-26 11:42:12'),
(96, 1, 17, 'ทุ่งสระ', '2016-11-26 11:43:11', '2016-11-26 11:43:11'),
(97, 1, 17, 'ห้วยกะปิ', '2016-11-26 11:43:11', '2016-11-26 11:43:11'),
(98, 1, 17, 'หนองสมอ', '2016-11-26 11:43:11', '2016-11-26 11:43:11'),
(99, 1, 17, 'ซากพุดซา', '2016-11-26 11:43:11', '2016-11-26 11:43:11'),
(100, 1, 17, 'หนองกระเสริม', '2016-11-26 11:43:11', '2016-11-26 11:43:11'),
(101, 1, 17, 'ไร่ไหหลำ', '2016-11-26 11:43:11', '2016-11-26 11:43:11'),
(102, 1, 17, 'มาบหวาย', '2016-11-26 11:43:11', '2016-11-26 11:43:11'),
(103, 1, 18, 'อ่างศิลา', '2016-11-26 11:43:54', '2016-11-26 11:43:54'),
(104, 1, 18, 'มะเกลือ', '2016-11-26 11:43:54', '2016-11-26 11:43:54'),
(105, 1, 18, 'โพรง', '2016-11-26 11:43:54', '2016-11-26 11:43:54'),
(106, 1, 18, 'โรงหาด', '2016-11-26 11:43:54', '2016-11-26 11:43:54'),
(107, 1, 18, 'โรงหาด', '2016-11-26 11:43:54', '2016-11-26 11:43:54'),
(108, 2, 19, 'ท่าเทววงษ์', '2016-11-26 11:44:50', '2016-11-26 11:44:50'),
(109, 2, 19, 'ศาลเจ้าเก๋ง', '2016-11-26 11:44:50', '2016-11-26 11:44:50'),
(110, 2, 19, 'ท่าวัง', '2016-11-26 11:44:50', '2016-11-26 11:44:50'),
(111, 2, 19, 'ตรอกด่านภาษี', '2016-11-26 11:44:50', '2016-11-26 11:44:50'),
(112, 2, 19, 'สะพานคู่', '2016-11-26 11:44:50', '2016-11-26 11:44:50'),
(113, 2, 19, 'ท่าภาณุรังษี', '2016-11-26 11:44:50', '2016-11-26 11:44:50'),
(114, 2, 19, 'เกาะขามใหญ่', '2016-11-26 11:44:50', '2016-11-26 11:44:50'),
(115, 3, 20, 'ธรรมรัตน์', '2016-11-26 11:47:01', '2016-11-26 11:47:01'),
(116, 3, 20, 'ขุนชำนาญ', '2016-11-26 11:47:01', '2016-11-26 11:47:01'),
(117, 3, 20, 'อ่างกระพงศ์', '2016-11-26 11:47:01', '2016-11-26 11:47:01'),
(118, 3, 20, 'บึงเจริญ', '2016-11-26 11:47:01', '2016-11-26 11:47:01'),
(119, 3, 20, 'คลองปริง', '2016-11-26 11:47:01', '2016-11-26 11:47:01'),
(120, 3, 20, 'คลองโค', '2016-11-26 11:47:01', '2016-11-26 11:47:01'),
(121, 3, 20, 'ไม้หอม', '2016-11-26 11:47:01', '2016-11-26 11:47:01'),
(122, 3, 21, 'เนินหิน', '2016-11-26 11:48:22', '2016-11-26 11:48:22'),
(123, 3, 21, 'เนินดินแดน', '2016-11-26 11:48:22', '2016-11-26 11:48:22'),
(124, 3, 21, 'โปร่งเกตุ', '2016-11-26 11:48:22', '2016-11-26 11:48:22'),
(125, 3, 21, 'บึงตะกู', '2016-11-26 11:48:22', '2016-11-26 11:48:22'),
(126, 3, 21, 'คลองมือไทร', '2016-11-26 11:48:22', '2016-11-26 11:48:22'),
(127, 3, 21, 'เขากระถิน', '2016-11-26 11:48:22', '2016-11-26 11:48:22'),
(128, 3, 21, 'หนองเสือช่อ', '2016-11-26 11:48:22', '2016-11-26 11:48:22'),
(129, 3, 21, 'ห้วยซุง', '2016-11-26 11:48:22', '2016-11-26 11:48:22'),
(130, 3, 21, 'หนองน้ำขาว', '2016-11-26 11:48:22', '2016-11-26 11:48:22'),
(131, 3, 22, 'หนองเสม็ด', '2016-11-26 11:49:03', '2016-11-26 11:49:03'),
(132, 3, 22, 'หนองยายเภา', '2016-11-26 11:49:03', '2016-11-26 11:49:03'),
(133, 3, 22, 'โปร่งไม้ไร่', '2016-11-26 11:49:03', '2016-11-26 11:49:03'),
(134, 3, 22, 'บ่อกวางทอง', '2016-11-26 11:49:04', '2016-11-26 11:49:04'),
(135, 3, 22, 'หนองเกตุ', '2016-11-26 11:49:04', '2016-11-26 11:49:04'),
(136, 3, 22, 'เนินสูง', '2016-11-26 11:49:04', '2016-11-26 11:49:04'),
(137, 3, 22, 'หนองบอน', '2016-11-26 11:49:04', '2016-11-26 11:49:04'),
(138, 3, 22, 'สำเภาทอง', '2016-11-26 11:49:04', '2016-11-26 11:49:04'),
(139, 3, 23, 'อมพนม', '2016-11-26 11:50:06', '2016-11-26 11:50:06'),
(140, 3, 23, 'วังรี', '2016-11-26 11:50:06', '2016-11-26 11:50:06'),
(141, 3, 23, 'เขาสามชั้น', '2016-11-26 11:50:06', '2016-11-26 11:50:06'),
(142, 3, 23, 'หนองจรเข้', '2016-11-26 11:50:06', '2016-11-26 11:50:06'),
(143, 3, 23, 'ทับเจริญ', '2016-11-26 11:50:06', '2016-11-26 11:50:06'),
(144, 3, 23, 'ทับสูง', '2016-11-26 11:50:06', '2016-11-26 11:50:06'),
(145, 3, 23, 'หนองใหญ่', '2016-11-26 11:50:06', '2016-11-26 11:50:06'),
(146, 3, 23, 'คลองใหญ่', '2016-11-26 11:50:06', '2016-11-26 11:50:06'),
(147, 3, 23, 'ทับเจ็ก', '2016-11-26 11:50:06', '2016-11-26 11:50:06'),
(148, 3, 24, 'เขาห้ายอด', '2016-11-26 11:51:43', '2016-11-26 11:51:43'),
(149, 3, 24, 'เขาซะอางค์', '2016-11-26 11:51:43', '2016-11-26 11:51:43'),
(150, 3, 24, 'คลองตาเพชร', '2016-11-26 11:51:43', '2016-11-26 11:51:43'),
(151, 3, 24, 'เขาใหญ่', '2016-11-26 11:51:43', '2016-11-26 11:51:43'),
(152, 3, 24, 'เขาพริก', '2016-11-26 11:51:43', '2016-11-26 11:51:43'),
(153, 3, 24, 'อ่างผักหนาม', '2016-11-26 11:51:43', '2016-11-26 11:51:43'),
(154, 3, 24, 'หลุมมะนาว', '2016-11-26 11:51:43', '2016-11-26 11:51:43'),
(155, 3, 25, 'ซ่อง', '2016-11-26 11:52:21', '2016-11-26 11:52:21'),
(156, 3, 25, 'หนองลุมพุก', '2016-11-26 11:52:21', '2016-11-26 11:52:21'),
(157, 3, 25, 'ทุ่งศาลา', '2016-11-26 11:52:21', '2016-11-26 11:52:21'),
(158, 3, 25, 'ทุ่งน้อย', '2016-11-26 11:52:21', '2016-11-26 11:52:21'),
(159, 3, 25, 'คลองโอ่ง', '2016-11-26 11:52:21', '2016-11-26 11:52:21'),
(160, 3, 25, 'คลองหลวง', '2016-11-26 11:52:21', '2016-11-26 11:52:21'),
(161, 3, 25, 'หนองกระพ้อ', '2016-11-26 11:52:21', '2016-11-26 11:52:21'),
(162, 4, 26, 'ห้วยลึก', '2016-11-26 11:53:33', '2016-11-26 11:53:33'),
(163, 4, 26, 'มาบข่าหวาน', '2016-11-26 11:53:33', '2016-11-26 11:53:33'),
(164, 4, 26, 'หนองยาง', '2016-11-26 11:53:34', '2016-11-26 11:53:34'),
(165, 4, 26, 'ห้วยไข่เน่า', '2016-11-26 11:53:34', '2016-11-26 11:53:34'),
(166, 4, 26, 'ภูไทร', '2016-11-26 11:53:34', '2016-11-26 11:53:34'),
(167, 4, 27, 'หนองน้ำเต้าลอย', '2016-11-26 11:54:53', '2016-11-26 11:54:53'),
(168, 4, 27, 'โป่ง', '2016-11-26 11:54:53', '2016-11-26 11:54:53'),
(169, 4, 27, 'โป่งล่าง', '2016-11-26 11:54:53', '2016-11-26 11:54:53'),
(170, 4, 27, 'มาบประชันล่าง', '2016-11-26 11:54:53', '2016-11-26 11:54:53'),
(171, 4, 27, 'มาบประชันบน', '2016-11-26 11:54:53', '2016-11-26 11:54:53'),
(172, 4, 27, 'โป่ง', '2016-11-26 11:54:53', '2016-11-26 11:54:53'),
(173, 4, 27, 'โป่ง', '2016-11-26 11:54:53', '2016-11-26 11:54:53'),
(174, 4, 27, 'สำนักตะแบก', '2016-11-26 11:54:53', '2016-11-26 11:54:53'),
(175, 4, 27, 'หนองตาอุ่น', '2016-11-26 11:54:54', '2016-11-26 11:54:54'),
(176, 4, 27, 'คลองใหญ่', '2016-11-26 11:54:54', '2016-11-26 11:54:54'),
(177, 4, 28, 'สังกะเปี๋ยว', '2016-11-26 11:56:18', '2016-11-26 11:56:18'),
(178, 4, 28, 'ตะเคียนเตี้ย', '2016-11-26 11:56:18', '2016-11-26 11:56:18'),
(179, 4, 28, 'หนองพลับ', '2016-11-26 11:56:18', '2016-11-26 11:56:18'),
(180, 4, 28, 'นาวัง', '2016-11-26 11:56:18', '2016-11-26 11:56:18'),
(181, 4, 28, 'โป่งสะเก็ด', '2016-11-26 11:56:18', '2016-11-26 11:56:18'),
(182, 4, 30, 'โรงโป๊ะ', '2016-11-26 11:57:11', '2016-11-26 11:57:11'),
(183, 4, 30, 'เนินตาเบี่ยง', '2016-11-26 11:57:11', '2016-11-26 11:57:11'),
(184, 4, 30, 'โรงโป๊ะ', '2016-11-26 11:57:11', '2016-11-26 11:57:11'),
(185, 4, 30, 'บางละมุง', '2016-11-26 11:57:12', '2016-11-26 11:57:12'),
(186, 4, 30, 'นากลาง', '2016-11-26 11:57:12', '2016-11-26 11:57:12'),
(187, 4, 31, 'หนองปรือ', '2016-11-26 11:57:53', '2016-11-26 11:57:53'),
(188, 4, 31, 'กลาง', '2016-11-26 11:57:53', '2016-11-26 11:57:53'),
(189, 4, 31, 'ห้วยรวม', '2016-11-26 11:57:53', '2016-11-26 11:57:53'),
(190, 4, 31, 'ห้วยตาหนู', '2016-11-26 11:57:53', '2016-11-26 11:57:53'),
(191, 4, 31, 'มาบตาโต้', '2016-11-26 11:57:53', '2016-11-26 11:57:53'),
(192, 4, 31, 'หนองสมอ', '2016-11-26 11:57:53', '2016-11-26 11:57:53'),
(193, 4, 31, 'มาบยายเลีย', '2016-11-26 11:57:53', '2016-11-26 11:57:53'),
(194, 4, 31, 'ตาลหมัน', '2016-11-26 11:57:53', '2016-11-26 11:57:53'),
(195, 4, 31, 'หนองกระบอก', '2016-11-26 11:57:53', '2016-11-26 11:57:53'),
(196, 4, 31, 'เขาน้อย', '2016-11-26 11:57:53', '2016-11-26 11:57:53'),
(197, 4, 31, 'หนองใหญ่', '2016-11-26 11:57:53', '2016-11-26 11:57:53'),
(198, 4, 31, 'นาเกลือ', '2016-11-26 11:57:53', '2016-11-26 11:57:53'),
(199, 4, 31, 'มาบตาโต้', '2016-11-26 11:57:53', '2016-11-26 11:57:53'),
(200, 4, 31, 'ทุ่งกลม', '2016-11-26 11:57:53', '2016-11-26 11:57:53'),
(201, 4, 32, 'หนองเกตุใหญ่', '2016-11-26 11:58:34', '2016-11-26 11:58:34'),
(202, 4, 32, 'หนองปลาไหล', '2016-11-26 11:58:34', '2016-11-26 11:58:34'),
(203, 4, 32, 'มาบบอน', '2016-11-26 11:58:34', '2016-11-26 11:58:34'),
(204, 4, 32, 'แกรก', '2016-11-26 11:58:34', '2016-11-26 11:58:34'),
(205, 4, 32, 'หนองหัวแรด', '2016-11-26 11:58:34', '2016-11-26 11:58:34'),
(206, 4, 32, 'หนองเกตุน้อย', '2016-11-26 11:58:35', '2016-11-26 11:58:35'),
(207, 4, 32, 'หนองเกตุ', '2016-11-26 11:58:35', '2016-11-26 11:58:35'),
(208, 4, 32, 'หนองเกตุใหญ่ใน', '2016-11-26 11:58:35', '2016-11-26 11:58:35'),
(209, 4, 32, 'หนองเกตุใหญ่', '2016-11-26 11:58:35', '2016-11-26 11:58:35'),
(210, 4, 33, 'ทุ่งคา', '2016-11-26 11:59:20', '2016-11-26 11:59:20'),
(211, 4, 33, 'ทุ่งคา', '2016-11-26 11:59:20', '2016-11-26 11:59:20'),
(212, 4, 33, 'ห้วยใหญ่', '2016-11-26 11:59:20', '2016-11-26 11:59:20'),
(213, 4, 33, 'ชากนอก', '2016-11-26 11:59:20', '2016-11-26 11:59:20'),
(214, 4, 33, 'นา', '2016-11-26 11:59:20', '2016-11-26 11:59:20'),
(215, 4, 33, 'บึง', '2016-11-26 11:59:20', '2016-11-26 11:59:20'),
(216, 4, 33, 'ห้วยขวาง', '2016-11-26 11:59:20', '2016-11-26 11:59:20'),
(217, 4, 33, 'ทุ่งละหาน', '2016-11-26 11:59:20', '2016-11-26 11:59:20'),
(218, 4, 33, 'เนินทราย', '2016-11-26 11:59:20', '2016-11-26 11:59:20'),
(219, 4, 33, 'ชากแง้ว', '2016-11-26 11:59:20', '2016-11-26 11:59:20'),
(220, 4, 33, 'มาบฟักทอง', '2016-11-26 11:59:21', '2016-11-26 11:59:21'),
(221, 4, 33, 'นอก', '2016-11-26 11:59:21', '2016-11-26 11:59:21'),
(222, 4, 33, 'หนองผักกูด', '2016-11-26 11:59:21', '2016-11-26 11:59:21'),
(223, 5, 34, 'หัวกุญแจ', '2016-11-26 12:06:42', '2016-11-26 12:06:42'),
(224, 5, 34, 'หนองน้ำเขียว', '2016-11-26 12:06:42', '2016-11-26 12:06:42'),
(225, 5, 34, 'ท่าน้ำ', '2016-11-26 12:06:42', '2016-11-26 12:06:42'),
(226, 5, 34, 'มาบคล้า', '2016-11-26 12:06:42', '2016-11-26 12:06:42'),
(227, 5, 34, 'หมื่นจิตต์', '2016-11-26 12:06:42', '2016-11-26 12:06:42'),
(228, 5, 34, 'โสม', '2016-11-26 12:06:42', '2016-11-26 12:06:42'),
(229, 5, 34, 'มาบลำปิด', '2016-11-26 12:06:42', '2016-11-26 12:06:42'),
(230, 5, 34, 'มาบเตย', '2016-11-26 12:06:43', '2016-11-26 12:06:43'),
(231, 5, 34, 'หนองกลางดอน', '2016-11-26 12:06:43', '2016-11-26 12:06:43'),
(232, 5, 35, 'บึง', '2016-11-26 12:09:17', '2016-11-26 12:09:17'),
(233, 5, 35, 'เชิดน้อย', '2016-11-26 12:09:17', '2016-11-26 12:09:17'),
(234, 5, 35, 'หนองปลาไหล', '2016-11-26 12:09:17', '2016-11-26 12:09:17'),
(235, 5, 35, 'ห้วยมะไฟ', '2016-11-26 12:09:17', '2016-11-26 12:09:17'),
(236, 5, 35, 'มาบกรูด', '2016-11-26 12:09:17', '2016-11-26 12:09:17'),
(237, 5, 36, 'ยี่กงษี', '2016-11-26 12:10:13', '2016-11-26 12:10:13'),
(238, 5, 36, 'มาบไผ่', '2016-11-26 12:10:13', '2016-11-26 12:10:13'),
(239, 5, 36, 'เขาแรด', '2016-11-26 12:10:13', '2016-11-26 12:10:13'),
(240, 5, 36, 'ไร่กลาง', '2016-11-26 12:10:13', '2016-11-26 12:10:13'),
(241, 5, 36, 'ห้วยยาง', '2016-11-26 12:10:13', '2016-11-26 12:10:13'),
(242, 5, 36, 'เกาะไม้แหลม', '2016-11-26 12:10:13', '2016-11-26 12:10:13'),
(243, 5, 37, 'หนองปรือ', '2016-11-26 12:11:22', '2016-11-26 12:11:22'),
(244, 5, 37, 'หินดาษ', '2016-11-26 12:11:22', '2016-11-26 12:11:22'),
(245, 5, 37, 'ป่ายุบ', '2016-11-26 12:11:22', '2016-11-26 12:11:22'),
(246, 5, 37, 'หนองใหญ่', '2016-11-26 12:11:22', '2016-11-26 12:11:22'),
(247, 5, 37, 'หนองไผ่แก้ว', '2016-11-26 12:11:22', '2016-11-26 12:11:22'),
(248, 5, 38, 'หนองสำราญ', '2016-11-26 12:12:08', '2016-11-26 12:12:08'),
(249, 5, 38, 'หนองซาก', '2016-11-26 12:12:08', '2016-11-26 12:12:08'),
(250, 5, 38, 'หนองเขิน', '2016-11-26 12:12:08', '2016-11-26 12:12:08'),
(251, 5, 39, 'โป่ง', '2016-11-26 12:12:59', '2016-11-26 12:12:59'),
(252, 5, 39, 'หนองซ้ำซาก', '2016-11-26 12:12:59', '2016-11-26 12:12:59'),
(253, 5, 39, 'หนองบึง', '2016-11-26 12:12:59', '2016-11-26 12:12:59'),
(254, 5, 39, 'เขาดิน', '2016-11-26 12:12:59', '2016-11-26 12:12:59'),
(255, 5, 39, 'เขาทุ่งนา', '2016-11-26 12:12:59', '2016-11-26 12:12:59'),
(256, 5, 40, 'หนองพยอม', '2016-11-26 12:13:41', '2016-11-26 12:13:41'),
(257, 5, 40, 'หนองบอนแดง', '2016-11-26 12:13:41', '2016-11-26 12:13:41'),
(258, 5, 40, 'หนองยาง', '2016-11-26 12:13:41', '2016-11-26 12:13:41'),
(259, 5, 40, 'วังน้ำคำ', '2016-11-26 12:13:41', '2016-11-26 12:13:41'),
(260, 5, 40, 'หนองน้ำขาว', '2016-11-26 12:13:41', '2016-11-26 12:13:41'),
(261, 5, 40, 'ทุ่งโปร่ง', '2016-11-26 12:13:41', '2016-11-26 12:13:41'),
(262, 5, 40, 'สำนักตอ', '2016-11-26 12:13:41', '2016-11-26 12:13:41'),
(263, 5, 41, 'หนองขนุน', '2016-11-26 12:14:14', '2016-11-26 12:14:14'),
(264, 5, 41, 'อ่างเวียน', '2016-11-26 12:14:14', '2016-11-26 12:14:14'),
(265, 5, 41, 'หนองสรวง', '2016-11-26 12:14:14', '2016-11-26 12:14:14'),
(266, 5, 41, 'เนินโมก', '2016-11-26 12:14:14', '2016-11-26 12:14:14'),
(267, 5, 41, 'หนองขัน', '2016-11-26 12:14:14', '2016-11-26 12:14:14'),
(268, 5, 41, 'ป่าแดง', '2016-11-26 12:14:14', '2016-11-26 12:14:14'),
(269, 5, 41, 'หนองวงษ์', '2016-11-26 12:14:14', '2016-11-26 12:14:14'),
(270, 5, 41, 'เนินโมก', '2016-11-26 12:14:14', '2016-11-26 12:14:14'),
(271, 5, 41, 'ท่อใหญ่', '2016-11-26 12:14:14', '2016-11-26 12:14:14'),
(272, 5, 41, 'สามแยกอ่างเกวียน', '2016-11-26 12:14:14', '2016-11-26 12:14:14'),
(273, 5, 41, 'บึงไม้แก่น', '2016-11-26 12:14:14', '2016-11-26 12:14:14'),
(274, 5, 41, 'หนองชัน', '2016-11-26 12:14:14', '2016-11-26 12:14:14'),
(275, 6, 42, 'เกาะลอย', '2016-11-26 12:15:46', '2016-11-26 12:15:46'),
(276, 6, 42, 'แคโดด', '2016-11-26 12:15:46', '2016-11-26 12:15:46'),
(277, 6, 42, 'ยุคลราษฎรสามัคคี', '2016-11-26 12:15:46', '2016-11-26 12:15:46'),
(278, 6, 42, 'ตลาดควาย', '2016-11-26 12:15:46', '2016-11-26 12:15:46'),
(279, 6, 42, 'หนองอ้อ', '2016-11-26 12:15:46', '2016-11-26 12:15:46'),
(280, 6, 43, 'หัวไผ่', '2016-11-26 12:16:46', '2016-11-26 12:16:46'),
(281, 6, 43, 'หนองกระทุ่ม', '2016-11-26 12:16:46', '2016-11-26 12:16:46'),
(282, 6, 43, 'โคกขี้หนอน', '2016-11-26 12:16:46', '2016-11-26 12:16:46'),
(283, 6, 43, 'โคกชี้หนอน', '2016-11-26 12:16:46', '2016-11-26 12:16:46'),
(284, 6, 43, 'เนินไผ่', '2016-11-26 12:16:46', '2016-11-26 12:16:46'),
(285, 6, 44, 'หัวไผ่', '2016-11-26 12:18:46', '2016-11-26 12:18:46'),
(286, 6, 44, 'หนองกระทุ่ม', '2016-11-26 12:18:46', '2016-11-26 12:18:46'),
(287, 6, 44, 'โคกขี้หนอน', '2016-11-26 12:18:46', '2016-11-26 12:18:46'),
(288, 6, 44, 'โคกชี้หนอน', '2016-11-26 12:18:46', '2016-11-26 12:18:46'),
(289, 6, 44, 'เนินไผ่', '2016-11-26 12:18:46', '2016-11-26 12:18:46'),
(290, 6, 45, 'บางหัก', '2016-11-26 12:19:10', '2016-11-26 12:19:10'),
(291, 6, 45, 'หนองสองห้อง', '2016-11-26 12:19:10', '2016-11-26 12:19:10'),
(292, 6, 45, 'หนองฝาแฝด', '2016-11-26 12:19:10', '2016-11-26 12:19:10'),
(293, 6, 45, 'เกาะกลาง', '2016-11-26 12:19:10', '2016-11-26 12:19:10'),
(294, 6, 46, 'สัตตพงษ์', '2016-11-26 12:20:27', '2016-11-26 12:20:27'),
(295, 6, 46, 'ย่านซื่อ', '2016-11-26 12:20:27', '2016-11-26 12:20:27'),
(296, 6, 46, 'เก่าบน', '2016-11-26 12:20:27', '2016-11-26 12:20:27'),
(297, 6, 46, 'เก่า', '2016-11-26 12:20:27', '2016-11-26 12:20:27'),
(298, 6, 46, 'เก่า', '2016-11-26 12:20:27', '2016-11-26 12:20:27'),
(299, 6, 46, 'เก่า', '2016-11-26 12:20:27', '2016-11-26 12:20:27'),
(300, 6, 46, 'สัตตพงษ์เหนือ', '2016-11-26 12:20:27', '2016-11-26 12:20:27'),
(301, 6, 47, 'เนินตาลเด่น', '2016-11-26 12:20:54', '2016-11-26 12:20:54'),
(302, 6, 47, 'ล่าง', '2016-11-26 12:20:54', '2016-11-26 12:20:54'),
(303, 6, 47, 'ท่าพลับพลา', '2016-11-26 12:20:54', '2016-11-26 12:20:54'),
(304, 6, 47, 'ตลาดใหม่', '2016-11-26 12:20:54', '2016-11-26 12:20:54'),
(305, 6, 47, 'เนินสะแก', '2016-11-26 12:20:54', '2016-11-26 12:20:54'),
(306, 6, 47, 'ท่าตะกูด', '2016-11-26 12:20:54', '2016-11-26 12:20:54'),
(307, 6, 47, 'ตลาดเก่า', '2016-11-26 12:20:54', '2016-11-26 12:20:54'),
(308, 6, 47, 'บ้านหลังวัดโคก', '2016-11-26 12:20:54', '2016-11-26 12:20:54'),
(309, 6, 47, 'โรงนา', '2016-11-26 12:20:54', '2016-11-26 12:20:54'),
(310, 6, 47, 'บน', '2016-11-26 12:20:54', '2016-11-26 12:20:54'),
(311, 6, 48, 'มาบโป่ง', '2016-11-26 12:21:18', '2016-11-26 12:21:18'),
(312, 6, 48, 'หนองแช่แว่น', '2016-11-26 12:21:18', '2016-11-26 12:21:18'),
(313, 6, 48, 'ท้ายเชิด', '2016-11-26 12:21:18', '2016-11-26 12:21:18'),
(314, 6, 48, 'หนองกระดี่', '2016-11-26 12:21:18', '2016-11-26 12:21:18'),
(315, 6, 48, 'หนองกระทุ่มนอก', '2016-11-26 12:21:18', '2016-11-26 12:21:18'),
(316, 6, 48, 'ไร่', '2016-11-26 12:21:18', '2016-11-26 12:21:18'),
(317, 6, 48, 'ฟากห้วย', '2016-11-26 12:21:18', '2016-11-26 12:21:18'),
(318, 6, 48, 'หนองนกฮูก', '2016-11-26 12:21:18', '2016-11-26 12:21:18'),
(319, 6, 48, 'อ้อมแก้ว', '2016-11-26 12:21:18', '2016-11-26 12:21:18'),
(320, 6, 48, 'ป่า', '2016-11-26 12:21:18', '2016-11-26 12:21:18'),
(321, 6, 49, 'หนองกะขะ', '2016-11-26 12:21:52', '2016-11-26 12:21:52'),
(322, 6, 49, 'หนองกระทุ่ม', '2016-11-26 12:21:52', '2016-11-26 12:21:52'),
(323, 6, 49, 'หนองกะขะล่าง', '2016-11-26 12:21:52', '2016-11-26 12:21:52'),
(324, 6, 49, 'กระโดน', '2016-11-26 12:21:52', '2016-11-26 12:21:52'),
(325, 6, 49, 'ปุนเถ้าม้า', '2016-11-26 12:21:52', '2016-11-26 12:21:52'),
(326, 6, 50, 'หนองจับอึ่ง', '2016-11-26 12:22:18', '2016-11-26 12:22:18'),
(327, 6, 50, 'แสนแสบ', '2016-11-26 12:22:18', '2016-11-26 12:22:18'),
(328, 6, 50, 'ตลาดหนองตำลึง', '2016-11-26 12:22:18', '2016-11-26 12:22:18'),
(329, 6, 50, 'มะเขือ', '2016-11-26 12:22:19', '2016-11-26 12:22:19'),
(330, 6, 50, 'ซอยพัฒนา 3', '2016-11-26 12:22:19', '2016-11-26 12:22:19'),
(331, 6, 50, 'บ่อ', '2016-11-26 12:22:19', '2016-11-26 12:22:19'),
(332, 6, 50, 'กระบก', '2016-11-26 12:22:19', '2016-11-26 12:22:19'),
(333, 6, 50, 'ห้วยตากด้านบน', '2016-11-26 12:22:19', '2016-11-26 12:22:19'),
(334, 6, 50, 'ห้วยตากด้านล่าง', '2016-11-26 12:22:19', '2016-11-26 12:22:19'),
(335, 6, 51, 'โป่งตามุข', '2016-11-26 12:22:59', '2016-11-26 12:22:59'),
(336, 6, 51, 'หนองหงษ์', '2016-11-26 12:22:59', '2016-11-26 12:22:59'),
(337, 6, 51, 'กุฎน้ำใส', '2016-11-26 12:22:59', '2016-11-26 12:22:59'),
(338, 6, 51, 'หนองกะขะ (บ้านใหม่)', '2016-11-26 12:22:59', '2016-11-26 12:22:59'),
(339, 6, 51, 'ห้วยยาง', '2016-11-26 12:22:59', '2016-11-26 12:22:59'),
(340, 6, 51, 'หนองกาน้ำ', '2016-11-26 12:22:59', '2016-11-26 12:22:59'),
(341, 6, 52, 'เนินถั่ว', '2016-11-26 12:23:41', '2016-11-26 12:23:41'),
(342, 6, 52, 'เนินถ่อน', '2016-11-26 12:23:41', '2016-11-26 12:23:41'),
(343, 6, 52, 'แหลมแค', '2016-11-26 12:23:41', '2016-11-26 12:23:41'),
(344, 6, 52, 'โคกระกา', '2016-11-26 12:23:41', '2016-11-26 12:23:41'),
(345, 6, 52, 'หน้าประดู่', '2016-11-26 12:23:41', '2016-11-26 12:23:41'),
(346, 7, 53, 'เนินพุด', '2016-11-26 12:24:51', '2016-11-26 12:24:51'),
(347, 7, 53, 'โคกเพลาะ', '2016-11-26 12:24:51', '2016-11-26 12:24:51'),
(348, 7, 53, 'อ้อขาด', '2016-11-26 12:24:51', '2016-11-26 12:24:51'),
(349, 7, 53, 'หมอสอ', '2016-11-26 12:24:51', '2016-11-26 12:24:51'),
(350, 7, 53, 'โคกกลุ่ม', '2016-11-26 12:24:51', '2016-11-26 12:24:51'),
(351, 7, 53, 'เนินแฝก', '2016-11-26 12:24:51', '2016-11-26 12:24:51'),
(352, 7, 53, 'เนินตามาก', '2016-11-26 12:24:51', '2016-11-26 12:24:51'),
(353, 7, 53, 'โรงหมู่', '2016-11-26 12:24:51', '2016-11-26 12:24:51'),
(354, 7, 54, 'ริมคลอง', '2016-11-26 12:27:25', '2016-11-26 12:27:25'),
(355, 7, 54, 'ไร่หลักทอง', '2016-11-26 12:27:25', '2016-11-26 12:27:25'),
(356, 7, 54, 'นา', '2016-11-26 12:27:25', '2016-11-26 12:27:25'),
(357, 7, 54, 'สวนตาล', '2016-11-26 12:27:25', '2016-11-26 12:27:25'),
(358, 7, 54, 'ใน', '2016-11-26 12:27:25', '2016-11-26 12:27:25'),
(359, 7, 54, 'กลางคลองหลวง', '2016-11-26 12:27:25', '2016-11-26 12:27:25'),
(360, 7, 54, 'นากลาง', '2016-11-26 12:27:25', '2016-11-26 12:27:25'),
(361, 7, 54, 'คลองหนองเถร', '2016-11-26 12:27:25', '2016-11-26 12:27:25'),
(362, 7, 54, 'ใต้', '2016-11-26 12:27:25', '2016-11-26 12:27:25'),
(363, 7, 54, 'เหนือคลองหลวง', '2016-11-26 12:27:25', '2016-11-26 12:27:25'),
(364, 7, 54, 'คลองแบ่ง', '2016-11-26 12:27:25', '2016-11-26 12:27:25'),
(365, 7, 55, 'ช้าง', '2016-11-26 12:28:03', '2016-11-26 12:28:03'),
(366, 7, 55, 'โพธิ์ตาก', '2016-11-26 12:28:03', '2016-11-26 12:28:03'),
(367, 7, 55, 'เนินพลับ', '2016-11-26 12:28:03', '2016-11-26 12:28:03'),
(368, 7, 55, 'ลิงงอย', '2016-11-26 12:28:03', '2016-11-26 12:28:03'),
(369, 7, 55, 'กุฎโง้ง', '2016-11-26 12:28:03', '2016-11-26 12:28:03'),
(370, 7, 55, 'นางู', '2016-11-26 12:28:03', '2016-11-26 12:28:03'),
(371, 7, 56, 'ท่าข้าม', '2016-11-26 12:29:52', '2016-11-26 12:29:52'),
(372, 7, 56, 'สะแกลาย', '2016-11-26 12:29:52', '2016-11-26 12:29:52'),
(373, 7, 56, 'ดอนกลุ่ม', '2016-11-26 12:29:52', '2016-11-26 12:29:52'),
(374, 7, 56, 'หมอสอ', '2016-11-26 12:29:52', '2016-11-26 12:29:52'),
(375, 7, 56, 'มาบใหญ่', '2016-11-26 12:29:52', '2016-11-26 12:29:52'),
(376, 7, 56, 'ไผ่แถว', '2016-11-26 12:29:52', '2016-11-26 12:29:52'),
(377, 7, 56, 'หัวไผ่', '2016-11-26 12:29:52', '2016-11-26 12:29:52'),
(378, 7, 57, 'ใหม่', '2016-11-26 12:30:31', '2016-11-26 12:30:31'),
(379, 7, 57, 'หนองกระดูกควาย', '2016-11-26 12:30:31', '2016-11-26 12:30:31'),
(380, 7, 57, 'หนองศาลา', '2016-11-26 12:30:31', '2016-11-26 12:30:31'),
(381, 7, 57, 'นาตาทอก', '2016-11-26 12:30:31', '2016-11-26 12:30:31'),
(382, 7, 57, 'หนองกุมภัณฑ์', '2016-11-26 12:30:31', '2016-11-26 12:30:31'),
(383, 7, 57, 'หนองหัวหมู', '2016-11-26 12:30:31', '2016-11-26 12:30:31'),
(384, 7, 57, 'ทุ่งขวาง', '2016-11-26 12:30:31', '2016-11-26 12:30:31'),
(385, 7, 57, 'นากระรอก', '2016-11-26 12:30:31', '2016-11-26 12:30:31'),
(386, 7, 57, 'หนองปรือ', '2016-11-26 12:30:32', '2016-11-26 12:30:32'),
(387, 7, 57, 'หนองซองแมว', '2016-11-26 12:30:32', '2016-11-26 12:30:32'),
(388, 7, 58, 'ดอนไร่', '2016-11-26 12:30:56', '2016-11-26 12:30:56'),
(389, 7, 58, 'เนินสำโรง', '2016-11-26 12:30:56', '2016-11-26 12:30:56'),
(390, 7, 58, 'หนองกะพง', '2016-11-26 12:30:56', '2016-11-26 12:30:56'),
(391, 7, 58, 'เนิน', '2016-11-26 12:30:56', '2016-11-26 12:30:56'),
(392, 7, 58, 'หนองผักปอด', '2016-11-26 12:30:56', '2016-11-26 12:30:56'),
(393, 7, 58, 'ยาง', '2016-11-26 12:30:56', '2016-11-26 12:30:56'),
(394, 7, 58, 'เนินค้า', '2016-11-26 12:30:56', '2016-11-26 12:30:56'),
(395, 7, 58, 'ดอนกอด', '2016-11-26 12:30:56', '2016-11-26 12:30:56'),
(396, 7, 58, 'เนินไทร', '2016-11-26 12:30:56', '2016-11-26 12:30:56'),
(397, 7, 58, 'เนินแร่', '2016-11-26 12:30:56', '2016-11-26 12:30:56'),
(398, 7, 58, 'หนองปลาไหล', '2016-11-26 12:30:56', '2016-11-26 12:30:56'),
(399, 7, 58, 'เกาะกลาง', '2016-11-26 12:30:56', '2016-11-26 12:30:56'),
(400, 7, 58, 'หนองโมกข์', '2016-11-26 12:30:56', '2016-11-26 12:30:56'),
(401, 7, 58, 'หนองโคลน', '2016-11-26 12:30:56', '2016-11-26 12:30:56'),
(402, 7, 58, 'หนองแก', '2016-11-26 12:30:56', '2016-11-26 12:30:56'),
(403, 7, 59, 'เนินไร่หลวง', '2016-11-26 12:31:31', '2016-11-26 12:31:31'),
(404, 7, 59, 'ล่าง', '2016-11-26 12:31:31', '2016-11-26 12:31:31'),
(405, 7, 59, 'เนินมะกอก', '2016-11-26 12:31:31', '2016-11-26 12:31:31'),
(406, 7, 59, 'โป่งแดงห้วยสูบ', '2016-11-26 12:31:31', '2016-11-26 12:31:31'),
(407, 7, 59, 'ท่าโพธิ์', '2016-11-26 12:31:31', '2016-11-26 12:31:31'),
(408, 7, 59, 'นามะตูม', '2016-11-26 12:31:31', '2016-11-26 12:31:31'),
(409, 7, 59, 'เนินหลังเต่า', '2016-11-26 12:31:31', '2016-11-26 12:31:31'),
(410, 7, 60, 'นาวังหิน', '2016-11-26 12:32:02', '2016-11-26 12:32:02'),
(411, 7, 60, 'ยางเอน', '2016-11-26 12:32:02', '2016-11-26 12:32:02'),
(412, 7, 60, 'ทุ่งแฝก', '2016-11-26 12:32:02', '2016-11-26 12:32:02'),
(413, 7, 60, 'อีโค้', '2016-11-26 12:32:02', '2016-11-26 12:32:02'),
(414, 7, 60, 'สระนา', '2016-11-26 12:32:02', '2016-11-26 12:32:02'),
(415, 7, 60, 'โป่งเอือด', '2016-11-26 12:32:02', '2016-11-26 12:32:02'),
(416, 7, 60, 'สวนกล้วย', '2016-11-26 12:32:02', '2016-11-26 12:32:02'),
(417, 7, 60, 'หนองครก', '2016-11-26 12:32:02', '2016-11-26 12:32:02'),
(418, 7, 60, 'นา', '2016-11-26 12:32:02', '2016-11-26 12:32:02'),
(419, 7, 60, 'น้ำซับ', '2016-11-26 12:32:02', '2016-11-26 12:32:02'),
(420, 7, 60, 'หนองสองห้อง', '2016-11-26 12:32:02', '2016-11-26 12:32:02'),
(421, 7, 61, 'โดน', '2016-11-26 12:32:31', '2016-11-26 12:32:31'),
(422, 7, 61, 'ส่วนป่านตะวันออก', '2016-11-26 12:32:31', '2016-11-26 12:32:31'),
(423, 7, 61, 'ส่วนป่าน', '2016-11-26 12:32:31', '2016-11-26 12:32:31'),
(424, 7, 61, 'ปอ', '2016-11-26 12:32:31', '2016-11-26 12:32:31'),
(425, 7, 61, 'ศาลา', '2016-11-26 12:32:32', '2016-11-26 12:32:32'),
(426, 7, 61, 'สวนหมาก', '2016-11-26 12:32:32', '2016-11-26 12:32:32'),
(427, 7, 61, 'ไผ่ล้อม', '2016-11-26 12:32:32', '2016-11-26 12:32:32'),
(428, 7, 61, 'โพธิ์งาม', '2016-11-26 12:32:32', '2016-11-26 12:32:32'),
(429, 7, 62, 'หนองพลับ', '2016-11-26 12:32:58', '2016-11-26 12:32:58'),
(430, 7, 62, 'เตาเหล็ก', '2016-11-26 12:32:58', '2016-11-26 12:32:58'),
(431, 7, 62, 'เหล่าบน', '2016-11-26 12:32:59', '2016-11-26 12:32:59'),
(432, 7, 62, 'เนินดินแดง', '2016-11-26 12:32:59', '2016-11-26 12:32:59'),
(433, 7, 62, 'ป่าไร่', '2016-11-26 12:32:59', '2016-11-26 12:32:59'),
(434, 7, 62, 'สวนผัก', '2016-11-26 12:32:59', '2016-11-26 12:32:59'),
(435, 7, 62, 'เหล่าใต้', '2016-11-26 12:32:59', '2016-11-26 12:32:59'),
(436, 7, 63, 'หนองพลับ', '2016-11-26 12:33:34', '2016-11-26 12:33:34'),
(437, 7, 64, 'วัดโบสถ์', '2016-11-26 12:34:03', '2016-11-26 12:34:03'),
(438, 7, 64, 'คลองกว้าง', '2016-11-26 12:34:03', '2016-11-26 12:34:03'),
(439, 7, 64, 'ดอนทอง', '2016-11-26 12:34:03', '2016-11-26 12:34:03'),
(440, 7, 64, 'คลองกว้าง', '2016-11-26 12:34:03', '2016-11-26 12:34:03'),
(441, 7, 64, 'โคกสำราญ', '2016-11-26 12:34:03', '2016-11-26 12:34:03'),
(442, 7, 64, 'วัดโบสถ์', '2016-11-26 12:34:03', '2016-11-26 12:34:03'),
(443, 7, 64, 'เนินตั้ว', '2016-11-26 12:34:03', '2016-11-26 12:34:03'),
(444, 7, 64, 'ศาลาแดง', '2016-11-26 12:34:03', '2016-11-26 12:34:03'),
(445, 7, 64, 'คลองสะพาน', '2016-11-26 12:34:03', '2016-11-26 12:34:03'),
(446, 7, 64, 'ท้ายบ้าน', '2016-11-26 12:34:03', '2016-11-26 12:34:03'),
(447, 7, 64, 'โคกสำราญ', '2016-11-26 12:34:03', '2016-11-26 12:34:03'),
(448, 7, 65, 'คลองนอกทุ่ง', '2016-11-26 12:34:33', '2016-11-26 12:34:33'),
(449, 7, 65, 'ต้นโพธิ์', '2016-11-26 12:34:33', '2016-11-26 12:34:33'),
(450, 7, 65, 'ไร่ยายชี', '2016-11-26 12:34:33', '2016-11-26 12:34:33'),
(451, 7, 65, 'หัวโขด', '2016-11-26 12:34:33', '2016-11-26 12:34:33'),
(452, 7, 65, 'ดอนพระพราหมณ์', '2016-11-26 12:34:33', '2016-11-26 12:34:33'),
(453, 7, 65, 'ดอนตาอุ้ย', '2016-11-26 12:34:33', '2016-11-26 12:34:33'),
(454, 7, 65, 'ดอนสะแก', '2016-11-26 12:34:33', '2016-11-26 12:34:33'),
(455, 7, 66, 'ใน', '2016-11-26 12:35:14', '2016-11-26 12:35:14'),
(456, 7, 66, 'นอก', '2016-11-26 12:35:14', '2016-11-26 12:35:14'),
(457, 7, 66, 'หินดาด', '2016-11-26 12:35:14', '2016-11-26 12:35:14'),
(458, 7, 66, 'เนินแพง', '2016-11-26 12:35:14', '2016-11-26 12:35:14'),
(459, 7, 66, 'หนองขวาง', '2016-11-26 12:35:14', '2016-11-26 12:35:14'),
(460, 7, 66, 'ตม', '2016-11-26 12:35:14', '2016-11-26 12:35:14'),
(461, 7, 66, 'ไร่', '2016-11-26 12:35:14', '2016-11-26 12:35:14'),
(462, 7, 66, 'ในไร่', '2016-11-26 12:35:14', '2016-11-26 12:35:14'),
(463, 7, 66, 'โคก', '2016-11-26 12:35:14', '2016-11-26 12:35:14'),
(464, 7, 66, 'ไร่บน', '2016-11-26 12:35:14', '2016-11-26 12:35:14'),
(465, 7, 66, 'เขาดินวังตาสี', '2016-11-26 12:35:14', '2016-11-26 12:35:14'),
(466, 7, 67, 'หนองเหียง', '2016-11-26 12:35:37', '2016-11-26 12:35:37'),
(467, 7, 67, 'หนองสำโรง', '2016-11-26 12:35:37', '2016-11-26 12:35:37'),
(468, 7, 67, 'หนองประดู่', '2016-11-26 12:35:37', '2016-11-26 12:35:37'),
(469, 7, 67, 'แปลงเกตุ', '2016-11-26 12:35:37', '2016-11-26 12:35:37'),
(470, 7, 67, 'หนองยาง', '2016-11-26 12:35:37', '2016-11-26 12:35:37'),
(471, 7, 67, 'โพธิ์สำเภา', '2016-11-26 12:35:37', '2016-11-26 12:35:37'),
(472, 7, 67, 'หนองตามิตร', '2016-11-26 12:35:37', '2016-11-26 12:35:37'),
(473, 7, 67, 'หนองข่า', '2016-11-26 12:35:37', '2016-11-26 12:35:37'),
(474, 7, 67, 'สระคลอง', '2016-11-26 12:35:38', '2016-11-26 12:35:38'),
(475, 7, 67, 'หนองไผ่แก้ว', '2016-11-26 12:35:38', '2016-11-26 12:35:38'),
(476, 7, 67, 'เนินหิน', '2016-11-26 12:35:38', '2016-11-26 12:35:38'),
(477, 7, 67, 'หนองสังข์', '2016-11-26 12:35:38', '2016-11-26 12:35:38'),
(478, 7, 67, 'ไร่เสธ์', '2016-11-26 12:35:38', '2016-11-26 12:35:38'),
(479, 7, 67, 'เขาอำนวยสุข', '2016-11-26 12:35:38', '2016-11-26 12:35:38'),
(480, 7, 67, 'หนองเม็ก', '2016-11-26 12:35:38', '2016-11-26 12:35:38'),
(481, 7, 67, 'แปลงเสือครูด', '2016-11-26 12:35:38', '2016-11-26 12:35:38'),
(482, 7, 68, 'หนองโสน', '2016-11-26 12:36:06', '2016-11-26 12:36:06'),
(483, 7, 68, 'หนองช้าง', '2016-11-26 12:36:06', '2016-11-26 12:36:06'),
(484, 7, 68, 'หนองขนวน', '2016-11-26 12:36:06', '2016-11-26 12:36:06'),
(485, 7, 68, 'หนองโคลน', '2016-11-26 12:36:06', '2016-11-26 12:36:06'),
(486, 7, 68, 'หนองม่วงใหม่', '2016-11-26 12:36:06', '2016-11-26 12:36:06'),
(487, 7, 68, 'หนองม่วงเก่า', '2016-11-26 12:36:06', '2016-11-26 12:36:06'),
(488, 7, 68, 'หนองขยาด', '2016-11-26 12:36:06', '2016-11-26 12:36:06'),
(489, 7, 68, 'หนองเหียง', '2016-11-26 12:36:06', '2016-11-26 12:36:06'),
(490, 7, 69, 'หนองปรือ', '2016-11-26 12:36:34', '2016-11-26 12:36:34'),
(491, 7, 69, 'ทรงธรรม', '2016-11-26 12:36:34', '2016-11-26 12:36:34'),
(492, 7, 69, 'เกาะกลาง', '2016-11-26 12:36:34', '2016-11-26 12:36:34'),
(493, 7, 69, 'เกาะกระบก', '2016-11-26 12:36:34', '2016-11-26 12:36:34'),
(494, 7, 69, 'เหนือบ่อกรุ', '2016-11-26 12:36:34', '2016-11-26 12:36:34'),
(495, 7, 69, 'เนินตูม', '2016-11-26 12:36:34', '2016-11-26 12:36:34'),
(496, 7, 69, 'หนองไผ่', '2016-11-26 12:36:34', '2016-11-26 12:36:34'),
(497, 7, 69, 'หนองไก่เถื่อน', '2016-11-26 12:36:34', '2016-11-26 12:36:34'),
(498, 7, 69, 'ทรายมูล', '2016-11-26 12:36:34', '2016-11-26 12:36:34'),
(499, 7, 69, 'หนองเซ่ง', '2016-11-26 12:36:34', '2016-11-26 12:36:34'),
(500, 7, 70, 'ไร่', '2016-11-26 12:37:07', '2016-11-26 12:37:07'),
(501, 7, 70, 'กลาง', '2016-11-26 12:37:07', '2016-11-26 12:37:07'),
(502, 7, 70, 'ใหม่', '2016-11-26 12:37:07', '2016-11-26 12:37:07'),
(503, 7, 70, 'โก่ย', '2016-11-26 12:37:07', '2016-11-26 12:37:07'),
(504, 7, 70, 'บ่อขิง', '2016-11-26 12:37:07', '2016-11-26 12:37:07'),
(505, 7, 70, 'เชิงเนิน', '2016-11-26 12:37:07', '2016-11-26 12:37:07'),
(506, 7, 70, 'บ่อขิงใต้', '2016-11-26 12:37:07', '2016-11-26 12:37:07'),
(507, 7, 70, 'หนองจอก', '2016-11-26 12:37:07', '2016-11-26 12:37:07'),
(508, 7, 70, 'โคก', '2016-11-26 12:37:07', '2016-11-26 12:37:07'),
(509, 7, 70, 'ปอ', '2016-11-26 12:37:07', '2016-11-26 12:37:07'),
(510, 7, 70, 'กลาง', '2016-11-26 12:37:07', '2016-11-26 12:37:07'),
(511, 7, 71, 'สวนใหม่', '2016-11-26 12:39:00', '2016-11-26 12:39:00'),
(512, 7, 71, 'หนองไทร', '2016-11-26 12:39:00', '2016-11-26 12:39:00'),
(513, 7, 71, 'หนองพร้าว', '2016-11-26 12:39:00', '2016-11-26 12:39:00'),
(514, 7, 71, 'ทุ่งเหียง', '2016-11-26 12:39:00', '2016-11-26 12:39:00'),
(515, 7, 71, 'เหนือ', '2016-11-26 12:39:00', '2016-11-26 12:39:00'),
(516, 7, 71, 'หนองยาง', '2016-11-26 12:39:00', '2016-11-26 12:39:00'),
(517, 7, 71, 'ดอนกระบาก', '2016-11-26 12:39:00', '2016-11-26 12:39:00'),
(518, 7, 71, 'ดงไม้ลาย', '2016-11-26 12:39:00', '2016-11-26 12:39:00'),
(519, 7, 71, 'หมอนนาง', '2016-11-26 12:39:00', '2016-11-26 12:39:00'),
(520, 7, 71, 'ชุมแสง', '2016-11-26 12:39:00', '2016-11-26 12:39:00'),
(521, 7, 71, 'หนองผักบุ้งขัน', '2016-11-26 12:39:00', '2016-11-26 12:39:00'),
(522, 7, 71, 'หนองแหน', '2016-11-26 12:39:00', '2016-11-26 12:39:00'),
(523, 7, 72, 'กลาง', '2016-11-26 12:39:27', '2016-11-26 12:39:27'),
(524, 7, 72, 'หนองบก', '2016-11-26 12:39:27', '2016-11-26 12:39:27'),
(525, 7, 72, 'แหลมเขา', '2016-11-26 12:39:27', '2016-11-26 12:39:27'),
(526, 7, 72, 'กลางในตลาด', '2016-11-26 12:39:27', '2016-11-26 12:39:27'),
(527, 7, 72, 'หนองคู', '2016-11-26 12:39:27', '2016-11-26 12:39:27'),
(528, 7, 72, 'หนองคู', '2016-11-26 12:39:27', '2016-11-26 12:39:27'),
(529, 7, 72, 'ใต้', '2016-11-26 12:39:27', '2016-11-26 12:39:27'),
(530, 7, 72, 'ป่าแก้ว', '2016-11-26 12:39:27', '2016-11-26 12:39:27'),
(531, 7, 72, 'แปลงกระถิน', '2016-11-26 12:39:27', '2016-11-26 12:39:27'),
(532, 8, 73, 'หุบบอน', '2016-11-26 12:41:07', '2016-11-26 12:41:07'),
(533, 8, 73, 'ศิริอนุสรณ์', '2016-11-26 12:41:07', '2016-11-26 12:41:07'),
(534, 8, 73, 'มาบเอียง', '2016-11-26 12:41:07', '2016-11-26 12:41:07'),
(535, 8, 73, 'เขาคันทรง', '2016-11-26 12:41:07', '2016-11-26 12:41:07'),
(536, 8, 73, 'สุรศักดิ์มนตรี', '2016-11-26 12:41:07', '2016-11-26 12:41:07'),
(537, 8, 73, 'เขาช่องลม', '2016-11-26 12:41:07', '2016-11-26 12:41:07'),
(538, 8, 73, 'ระเวิง', '2016-11-26 12:41:07', '2016-11-26 12:41:07'),
(539, 8, 73, 'มาบแสนสุข', '2016-11-26 12:41:07', '2016-11-26 12:41:07'),
(540, 8, 73, 'ห้วยตาเกล้า', '2016-11-26 12:41:07', '2016-11-26 12:41:07'),
(541, 8, 73, 'เจ้าพระยา', '2016-11-26 12:41:07', '2016-11-26 12:41:07'),
(542, 8, 75, 'ห้วยเหียน', '2016-11-26 12:42:01', '2016-11-26 12:42:01'),
(543, 8, 75, 'ยางเอน', '2016-11-26 12:42:01', '2016-11-26 12:42:01'),
(544, 8, 75, 'บ่อวิน', '2016-11-26 12:42:01', '2016-11-26 12:42:01'),
(545, 8, 75, 'พันเสด็จ', '2016-11-26 12:42:01', '2016-11-26 12:42:01'),
(546, 8, 75, 'เขาขยาย', '2016-11-26 12:42:01', '2016-11-26 12:42:01'),
(547, 8, 75, 'เขาหิน', '2016-11-26 12:42:01', '2016-11-26 12:42:01'),
(548, 8, 75, 'เขาก้างปลา', '2016-11-26 12:42:01', '2016-11-26 12:42:01'),
(549, 8, 75, 'มาบเสมอ', '2016-11-26 12:42:01', '2016-11-26 12:42:01'),
(550, 8, 76, 'ท้ายบ้าน', '2016-11-26 12:42:31', '2016-11-26 12:42:31'),
(551, 8, 76, 'ตลาดใหม่', '2016-11-26 12:42:31', '2016-11-26 12:42:31'),
(552, 8, 76, 'บางพระ', '2016-11-26 12:42:31', '2016-11-26 12:42:31'),
(553, 8, 76, 'เอสอาร์', '2016-11-26 12:42:31', '2016-11-26 12:42:31'),
(554, 8, 76, 'ห้วยกุ่ม', '2016-11-26 12:42:31', '2016-11-26 12:42:31'),
(555, 8, 76, 'ทุ่งนาพรุ', '2016-11-26 12:42:31', '2016-11-26 12:42:31'),
(556, 8, 76, 'ห้วยกรุ', '2016-11-26 12:42:31', '2016-11-26 12:42:31'),
(557, 8, 76, 'ทางตรง', '2016-11-26 12:42:31', '2016-11-26 12:42:31'),
(558, 8, 76, 'ไร่ดินแดง', '2016-11-26 12:42:31', '2016-11-26 12:42:31'),
(559, 8, 76, 'หินเพลิง', '2016-11-26 12:42:31', '2016-11-26 12:42:31'),
(560, 8, 76, 'หนองข่า', '2016-11-26 12:42:31', '2016-11-26 12:42:31'),
(561, 8, 76, 'โป่งดินดำ', '2016-11-26 12:42:31', '2016-11-26 12:42:31'),
(562, 8, 77, 'จุกเฌอ', '2016-11-26 12:43:13', '2016-11-26 12:43:13'),
(563, 8, 77, 'หนองปรือ', '2016-11-26 12:43:13', '2016-11-26 12:43:13'),
(564, 8, 77, 'ตลาดบึง', '2016-11-26 12:43:13', '2016-11-26 12:43:13'),
(565, 8, 77, 'หนองแขวะ', '2016-11-26 12:43:13', '2016-11-26 12:43:13'),
(566, 8, 77, 'ไร่หนึ่ง', '2016-11-26 12:43:13', '2016-11-26 12:43:13'),
(567, 8, 77, 'ด้านสี่', '2016-11-26 12:43:13', '2016-11-26 12:43:13'),
(568, 8, 77, 'ตลาดบึงบน', '2016-11-26 12:43:13', '2016-11-26 12:43:13'),
(569, 8, 77, 'ตลาดบึงฝั่งใต้', '2016-11-26 12:43:13', '2016-11-26 12:43:13'),
(570, 8, 77, 'บนเนิน', '2016-11-26 12:43:13', '2016-11-26 12:43:13'),
(571, 8, 79, 'ห้วยยายพรหม', '2016-11-26 12:44:45', '2016-11-26 12:44:45'),
(572, 8, 79, 'ไร่กล้วย', '2016-11-26 12:44:45', '2016-11-26 12:44:45'),
(573, 8, 79, 'หัวคันทด', '2016-11-26 12:44:45', '2016-11-26 12:44:45'),
(574, 8, 79, 'ไร่', '2016-11-26 12:44:45', '2016-11-26 12:44:45'),
(575, 8, 79, 'นาพร้าว', '2016-11-26 12:44:45', '2016-11-26 12:44:45'),
(576, 8, 79, 'เขาน้อย', '2016-11-26 12:44:45', '2016-11-26 12:44:45'),
(577, 8, 79, 'ซากค้อ', '2016-11-26 12:44:45', '2016-11-26 12:44:45'),
(578, 8, 79, 'หัวโกรก', '2016-11-26 12:44:45', '2016-11-26 12:44:45'),
(579, 8, 79, 'บ่อยาง', '2016-11-26 12:44:45', '2016-11-26 12:44:45'),
(580, 8, 79, 'บุญปราโมทย์', '2016-11-26 12:44:45', '2016-11-26 12:44:45'),
(581, 8, 80, 'หนองขาม', '2016-11-26 12:46:01', '2016-11-26 12:46:01'),
(582, 8, 80, 'หนองฆ้อ', '2016-11-26 12:46:01', '2016-11-26 12:46:01'),
(583, 8, 80, 'เขาดิน', '2016-11-26 12:46:01', '2016-11-26 12:46:01'),
(584, 8, 80, 'เขาตะแบก', '2016-11-26 12:46:01', '2016-11-26 12:46:01'),
(585, 8, 80, 'บ่อหิน', '2016-11-26 12:46:01', '2016-11-26 12:46:01'),
(586, 8, 80, 'โค้งดารา', '2016-11-26 12:46:01', '2016-11-26 12:46:01'),
(587, 8, 80, 'เนินแสนสุข', '2016-11-26 12:46:01', '2016-11-26 12:46:01'),
(588, 8, 80, 'หินกอง', '2016-11-26 12:46:01', '2016-11-26 12:46:01'),
(589, 8, 80, 'เนินตอง', '2016-11-26 12:46:01', '2016-11-26 12:46:01'),
(590, 8, 80, 'หนองยายบู่', '2016-11-26 12:46:01', '2016-11-26 12:46:01'),
(591, 8, 80, 'หนองเลง', '2016-11-26 12:46:01', '2016-11-26 12:46:01'),
(592, 8, 81, 'ช่องแสมสาร', '2016-11-26 12:46:40', '2016-11-26 12:46:40'),
(593, 8, 81, 'หนองน้ำเค็ม', '2016-11-26 12:46:40', '2016-11-26 12:46:40'),
(594, 8, 81, 'หัวแหลม', '2016-11-26 12:46:40', '2016-11-26 12:46:40'),
(595, 8, 81, 'หนองกระจง', '2016-11-26 12:46:40', '2016-11-26 12:46:40'),
(596, 8, 82, 'นาจอมเทียน', '2016-11-26 12:47:56', '2016-11-26 12:47:56'),
(597, 8, 82, 'น้ำเมา', '2016-11-26 12:47:56', '2016-11-26 12:47:56'),
(598, 8, 82, 'หินวง', '2016-11-26 12:47:57', '2016-11-26 12:47:57'),
(599, 8, 82, 'อำเภอ', '2016-11-26 12:47:57', '2016-11-26 12:47:57'),
(600, 8, 82, 'หนองจับเต่า', '2016-11-26 12:47:57', '2016-11-26 12:47:57'),
(601, 8, 82, 'โรงสี', '2016-11-26 12:47:57', '2016-11-26 12:47:57'),
(602, 8, 82, 'เขาชีจันทร์', '2016-11-26 12:47:57', '2016-11-26 12:47:57'),
(603, 8, 82, 'วัดเขาบำเพ็ญบุญ', '2016-11-26 12:47:57', '2016-11-26 12:47:57'),
(604, 8, 82, 'คลองน้ำชัย', '2016-11-26 12:47:57', '2016-11-26 12:47:57'),
(605, 8, 83, 'บางเสร่', '2016-11-26 12:48:32', '2016-11-26 12:48:32'),
(606, 8, 83, 'เนินบรรพต', '2016-11-26 12:48:32', '2016-11-26 12:48:32'),
(607, 8, 83, 'เนินสามัคคี', '2016-11-26 12:48:32', '2016-11-26 12:48:32'),
(608, 8, 83, 'ตลาดบางเสร่', '2016-11-26 12:48:32', '2016-11-26 12:48:32'),
(609, 8, 83, 'เกล็ดแก้ว', '2016-11-26 12:48:32', '2016-11-26 12:48:32'),
(610, 8, 83, 'เขากระทิง', '2016-11-26 12:48:32', '2016-11-26 12:48:32'),
(611, 8, 83, 'หนองหิน', '2016-11-26 12:48:32', '2016-11-26 12:48:32'),
(612, 8, 83, 'ชุมชนบางเสร่', '2016-11-26 12:48:32', '2016-11-26 12:48:32'),
(613, 8, 83, 'ศาลพ่อแก่', '2016-11-26 12:48:32', '2016-11-26 12:48:32'),
(614, 8, 83, 'ห้วยลึก', '2016-11-26 12:48:32', '2016-11-26 12:48:32'),
(615, 8, 83, 'โค้งวันเพ็ญ', '2016-11-26 12:48:32', '2016-11-26 12:48:32'),
(616, 8, 84, 'พลูตาหลวง', '2016-11-26 12:48:52', '2016-11-26 12:48:52'),
(617, 8, 84, 'ขลอด', '2016-11-26 12:48:52', '2016-11-26 12:48:52'),
(618, 8, 84, 'คลองไผ่', '2016-11-26 12:48:52', '2016-11-26 12:48:52'),
(619, 8, 84, 'คลองพลูตาหลวง', '2016-11-26 12:48:52', '2016-11-26 12:48:52'),
(620, 8, 84, 'เขาบายศรี', '2016-11-26 12:48:52', '2016-11-26 12:48:52'),
(621, 8, 84, 'เขาตะแบก', '2016-11-26 12:48:52', '2016-11-26 12:48:52'),
(622, 8, 84, 'หนองหญ้าน้อย', '2016-11-26 12:48:52', '2016-11-26 12:48:52'),
(623, 8, 84, 'หนองหญ้า', '2016-11-26 12:48:52', '2016-11-26 12:48:52'),
(624, 8, 85, 'ตลาดสัตหีบ', '2016-11-26 12:49:49', '2016-11-26 12:49:49'),
(625, 8, 85, 'ยางงาม', '2016-11-26 12:49:49', '2016-11-26 12:49:49'),
(626, 8, 85, 'เตาถ่าน', '2016-11-26 12:49:49', '2016-11-26 12:49:49'),
(627, 8, 85, 'ป่ายุบ', '2016-11-26 12:49:49', '2016-11-26 12:49:49'),
(628, 8, 85, 'หนองระกำ', '2016-11-26 12:49:49', '2016-11-26 12:49:49'),
(629, 8, 85, 'ร่มฤดี', '2016-11-26 12:49:49', '2016-11-26 12:49:49'),
(630, 8, 85, 'คลองกานดา', '2016-11-26 12:49:49', '2016-11-26 12:49:49'),
(631, 8, 85, 'เขาคันธมาศน์', '2016-11-26 12:49:49', '2016-11-26 12:49:49'),
(632, 8, 86, 'คลองพลูล่าง', '2016-11-26 12:50:32', '2016-11-26 12:50:32'),
(633, 8, 86, 'เขาซก', '2016-11-26 12:50:32', '2016-11-26 12:50:32'),
(634, 8, 86, 'บึงสามง่าม', '2016-11-26 12:50:32', '2016-11-26 12:50:32'),
(635, 8, 86, 'ชากนา', '2016-11-26 12:50:32', '2016-11-26 12:50:32'),
(636, 8, 87, 'คลองพลู', '2016-11-26 12:50:55', '2016-11-26 12:50:55'),
(637, 8, 87, 'เนินดินแดง', '2016-11-26 12:50:55', '2016-11-26 12:50:55'),
(638, 8, 87, 'คลองตะเคียน', '2016-11-26 12:50:55', '2016-11-26 12:50:55'),
(639, 8, 87, 'เขามดง่าม', '2016-11-26 12:50:55', '2016-11-26 12:50:55'),
(640, 8, 88, 'ห้วยมะระ', '2016-11-26 12:51:24', '2016-11-26 12:51:24'),
(641, 8, 88, 'หนองเสือช้าง', '2016-11-26 12:51:24', '2016-11-26 12:51:24'),
(642, 8, 88, 'หลังเขา', '2016-11-26 12:51:24', '2016-11-26 12:51:24'),
(643, 8, 88, 'ท่าจาม', '2016-11-26 12:51:24', '2016-11-26 12:51:24'),
(644, 8, 88, 'เฉลิมลาภ', '2016-11-26 12:51:24', '2016-11-26 12:51:24'),
(645, 8, 89, 'หนองใหญ่', '2016-11-26 12:51:57', '2016-11-26 12:51:57'),
(646, 8, 89, 'วังใหญ่', '2016-11-26 12:51:57', '2016-11-26 12:51:57'),
(647, 8, 89, 'หนองผักหนาม', '2016-11-26 12:51:57', '2016-11-26 12:51:57'),
(648, 8, 89, 'อ่างแก้ว', '2016-11-26 12:51:57', '2016-11-26 12:51:57'),
(649, 8, 89, 'หนองตะเคียนทอง', '2016-11-26 12:51:57', '2016-11-26 12:51:57'),
(650, 8, 89, 'มาบยาง', '2016-11-26 12:51:57', '2016-11-26 12:51:57'),
(651, 8, 90, 'หนองประดู่', '2016-11-26 12:52:34', '2016-11-26 12:52:34'),
(652, 8, 90, 'เนินสี่', '2016-11-26 12:52:34', '2016-11-26 12:52:34'),
(653, 8, 90, 'ห้างสูง', '2016-11-26 12:52:34', '2016-11-26 12:52:34'),
(654, 8, 90, 'หลุมกลาง', '2016-11-26 12:52:34', '2016-11-26 12:52:34'),
(655, 8, 90, 'หนองประดู่', '2016-11-26 12:52:34', '2016-11-26 12:52:34'),
(656, 8, 91, 'เกาะจันทร์', '2016-11-26 12:54:24', '2016-11-26 12:54:24'),
(657, 8, 91, 'หนองชุมเห็ด', '2016-11-26 12:54:24', '2016-11-26 12:54:24'),
(658, 8, 91, 'สระตาพรม', '2016-11-26 12:54:25', '2016-11-26 12:54:25'),
(659, 8, 91, 'เจ็ดเนิน', '2016-11-26 12:54:25', '2016-11-26 12:54:25'),
(660, 8, 91, 'โป่งหิน', '2016-11-26 12:54:25', '2016-11-26 12:54:25'),
(661, 8, 91, 'ทับบริบูรณ์', '2016-11-26 12:54:25', '2016-11-26 12:54:25'),
(662, 8, 91, 'ปรกฟ้า', '2016-11-26 12:54:25', '2016-11-26 12:54:25'),
(663, 8, 91, 'หนองแฟบ', '2016-11-26 12:54:25', '2016-11-26 12:54:25'),
(664, 8, 91, 'หนองยายหมาด', '2016-11-26 12:54:25', '2016-11-26 12:54:25'),
(665, 8, 91, 'หนองมะนาว', '2016-11-26 12:54:25', '2016-11-26 12:54:25'),
(666, 8, 91, 'แปลง', '2016-11-26 12:54:25', '2016-11-26 12:54:25'),
(667, 8, 91, 'เขาวังแก้ว', '2016-11-26 12:54:25', '2016-11-26 12:54:25'),
(668, 8, 91, 'เนินตะแบก', '2016-11-26 12:54:25', '2016-11-26 12:54:25'),
(669, 8, 91, 'หนองหูช้าง', '2016-11-26 12:54:25', '2016-11-26 12:54:25'),
(670, 8, 91, 'คลอง', '2016-11-26 12:54:25', '2016-11-26 12:54:25'),
(671, 8, 92, 'ท่าบุญมี', '2016-11-26 12:54:44', '2016-11-26 12:54:44'),
(672, 8, 92, 'หนองแขนนาง', '2016-11-26 12:54:44', '2016-11-26 12:54:44'),
(673, 8, 92, 'นาม่วง', '2016-11-26 12:54:44', '2016-11-26 12:54:44'),
(674, 8, 92, 'เกาะโพธิ์', '2016-11-26 12:54:44', '2016-11-26 12:54:44'),
(675, 8, 92, 'สามแยก', '2016-11-26 12:54:45', '2016-11-26 12:54:45'),
(676, 8, 92, 'ทับจุฬา', '2016-11-26 12:54:45', '2016-11-26 12:54:45'),
(677, 8, 92, 'หนองงูเหลือม', '2016-11-26 12:54:45', '2016-11-26 12:54:45'),
(678, 8, 92, 'ห้วยหวาย', '2016-11-26 12:54:45', '2016-11-26 12:54:45'),
(679, 8, 92, 'คลองม่วง', '2016-11-26 12:54:45', '2016-11-26 12:54:45'),
(680, 8, 92, 'หนองพังพอน', '2016-11-26 12:54:45', '2016-11-26 12:54:45'),
(681, 8, 92, 'เนินกระบก', '2016-11-26 12:54:45', '2016-11-26 12:54:45'),
(682, 8, 92, 'หนองลำดวน', '2016-11-26 12:54:45', '2016-11-26 12:54:45');

--
-- Indexes for dumped tables
--

--
-- Indexes for table `addresses`
--
ALTER TABLE `addresses`
  ADD PRIMARY KEY (`id`);

--
-- Indexes for table `business_entities`
--
ALTER TABLE `business_entities`
  ADD PRIMARY KEY (`id`);

--
-- Indexes for table `districts`
--
ALTER TABLE `districts`
  ADD PRIMARY KEY (`id`);

--
-- Indexes for table `entities`
--
ALTER TABLE `entities`
  ADD PRIMARY KEY (`id`);

--
-- Indexes for table `entity_categories`
--
ALTER TABLE `entity_categories`
  ADD PRIMARY KEY (`id`);

--
-- Indexes for table `entity_types`
--
ALTER TABLE `entity_types`
  ADD PRIMARY KEY (`id`);

--
-- Indexes for table `files`
--
ALTER TABLE `files`
  ADD PRIMARY KEY (`id`);

--
-- Indexes for table `images`
--
ALTER TABLE `images`
  ADD PRIMARY KEY (`id`);

--
-- Indexes for table `lookups`
--
ALTER TABLE `lookups`
  ADD PRIMARY KEY (`id`),
  ADD UNIQUE KEY `model` (`model`,`model_id`);

--
-- Indexes for table `people`
--
ALTER TABLE `people`
  ADD PRIMARY KEY (`id`);

--
-- Indexes for table `person_to_entities`
--
ALTER TABLE `person_to_entities`
  ADD PRIMARY KEY (`id`);

--
-- Indexes for table `products`
--
ALTER TABLE `products`
  ADD PRIMARY KEY (`id`);

--
-- Indexes for table `product_categories`
--
ALTER TABLE `product_categories`
  ADD PRIMARY KEY (`id`);

--
-- Indexes for table `profiles`
--
ALTER TABLE `profiles`
  ADD PRIMARY KEY (`id`);

--
-- Indexes for table `roles`
--
ALTER TABLE `roles`
  ADD PRIMARY KEY (`id`);

--
-- Indexes for table `slugs`
--
ALTER TABLE `slugs`
  ADD PRIMARY KEY (`id`);

--
-- Indexes for table `sub_districts`
--
ALTER TABLE `sub_districts`
  ADD PRIMARY KEY (`id`);

--
-- Indexes for table `temporary_files`
--
ALTER TABLE `temporary_files`
  ADD PRIMARY KEY (`id`);

--
-- Indexes for table `users`
--
ALTER TABLE `users`
  ADD PRIMARY KEY (`id`);

--
-- Indexes for table `villages`
--
ALTER TABLE `villages`
  ADD PRIMARY KEY (`id`);

--
-- AUTO_INCREMENT for dumped tables
--

--
-- AUTO_INCREMENT for table `addresses`
--
ALTER TABLE `addresses`
  MODIFY `id` int(11) NOT NULL AUTO_INCREMENT, AUTO_INCREMENT=28;
--
-- AUTO_INCREMENT for table `business_entities`
--
ALTER TABLE `business_entities`
  MODIFY `id` int(11) NOT NULL AUTO_INCREMENT, AUTO_INCREMENT=9;
--
-- AUTO_INCREMENT for table `districts`
--
ALTER TABLE `districts`
  MODIFY `id` int(11) NOT NULL AUTO_INCREMENT, AUTO_INCREMENT=13;
--
-- AUTO_INCREMENT for table `entities`
--
ALTER TABLE `entities`
  MODIFY `id` int(11) NOT NULL AUTO_INCREMENT, AUTO_INCREMENT=17;
--
-- AUTO_INCREMENT for table `entity_categories`
--
ALTER TABLE `entity_categories`
  MODIFY `id` int(11) NOT NULL AUTO_INCREMENT;
--
-- AUTO_INCREMENT for table `entity_types`
--
ALTER TABLE `entity_types`
  MODIFY `id` int(11) NOT NULL AUTO_INCREMENT, AUTO_INCREMENT=4;
--
-- AUTO_INCREMENT for table `files`
--
ALTER TABLE `files`
  MODIFY `id` int(11) NOT NULL AUTO_INCREMENT;
--
-- AUTO_INCREMENT for table `images`
--
ALTER TABLE `images`
  MODIFY `id` int(11) NOT NULL AUTO_INCREMENT, AUTO_INCREMENT=24;
--
-- AUTO_INCREMENT for table `lookups`
--
ALTER TABLE `lookups`
  MODIFY `id` int(11) NOT NULL AUTO_INCREMENT, AUTO_INCREMENT=11;
--
-- AUTO_INCREMENT for table `people`
--
ALTER TABLE `people`
  MODIFY `id` int(11) NOT NULL AUTO_INCREMENT, AUTO_INCREMENT=9;
--
-- AUTO_INCREMENT for table `person_to_entities`
--
ALTER TABLE `person_to_entities`
  MODIFY `id` int(11) NOT NULL AUTO_INCREMENT, AUTO_INCREMENT=99;
--
-- AUTO_INCREMENT for table `products`
--
ALTER TABLE `products`
  MODIFY `id` int(11) NOT NULL AUTO_INCREMENT, AUTO_INCREMENT=18;
--
-- AUTO_INCREMENT for table `product_categories`
--
ALTER TABLE `product_categories`
  MODIFY `id` int(11) NOT NULL AUTO_INCREMENT, AUTO_INCREMENT=30;
--
-- AUTO_INCREMENT for table `profiles`
--
ALTER TABLE `profiles`
  MODIFY `id` int(11) NOT NULL AUTO_INCREMENT, AUTO_INCREMENT=2;
--
-- AUTO_INCREMENT for table `roles`
--
ALTER TABLE `roles`
  MODIFY `id` int(11) NOT NULL AUTO_INCREMENT, AUTO_INCREMENT=2;
--
-- AUTO_INCREMENT for table `slugs`
--
ALTER TABLE `slugs`
  MODIFY `id` int(11) NOT NULL AUTO_INCREMENT, AUTO_INCREMENT=55;
--
-- AUTO_INCREMENT for table `sub_districts`
--
ALTER TABLE `sub_districts`
  MODIFY `id` int(11) NOT NULL AUTO_INCREMENT, AUTO_INCREMENT=96;
--
-- AUTO_INCREMENT for table `temporary_files`
--
ALTER TABLE `temporary_files`
  MODIFY `id` int(11) NOT NULL AUTO_INCREMENT, AUTO_INCREMENT=77;
--
-- AUTO_INCREMENT for table `users`
--
ALTER TABLE `users`
  MODIFY `id` int(11) NOT NULL AUTO_INCREMENT, AUTO_INCREMENT=2;
--
-- AUTO_INCREMENT for table `villages`
--
ALTER TABLE `villages`
  MODIFY `id` int(11) NOT NULL AUTO_INCREMENT, AUTO_INCREMENT=683;
/*!40101 SET CHARACTER_SET_CLIENT=@OLD_CHARACTER_SET_CLIENT */;
/*!40101 SET CHARACTER_SET_RESULTS=@OLD_CHARACTER_SET_RESULTS */;
/*!40101 SET COLLATION_CONNECTION=@OLD_COLLATION_CONNECTION */;
